"H_cumul"	"Traitement"	"BAC"	"Individu"	"Ligne"	"variable"	"hauteur"	"nb_feuille"	"Nb_cotyledon"	"Nb_Tige"	"Developpement"	"Jour"
"1"	0	"IRD_012022"	"1"	"AS101"	"L1"	"C1"	0	NA	2	NA	"TE"	0
"2"	0	"IRD_012022"	"1"	"AS106"	"L2"	"C1"	0	NA	2	NA	"TE"	0
"3"	0	"IRD_012022"	"1"	"AS111"	"L3"	"C1"	0	NA	2	NA	"TE"	0
"4"	0	"IRD_012022"	"1"	"AS116"	"L4"	"C1"	0	NA	2	NA	"TE"	0
"5"	0	"IRD_012022"	"1"	"AS141"	"T"	"C1"	0	NA	2	NA	"TE"	0
"6"	0	"IRD_012022"	"2"	"AS121"	"L1"	"C1"	0	NA	2	NA	"AR"	0
"7"	0	"IRD_012022"	"2"	"AS126"	"L2"	"C1"	0	NA	2	NA	"AR"	0
"8"	0	"IRD_012022"	"2"	"AS131"	"L3"	"C1"	0	NA	2	NA	"AR"	0
"9"	0	"IRD_012022"	"2"	"AS136"	"L4"	"C1"	0	NA	2	NA	"AR"	0
"10"	0	"IRD_012022"	"2"	"AS146"	"T"	"C1"	0	NA	2	NA	"AR"	0
"11"	19	"IRD_012022"	"1"	"AS101"	"L1"	"C1"	NA	NA	2	NA	"TE"	1
"12"	19	"IRD_012022"	"1"	"AS106"	"L2"	"C1"	NA	NA	2	NA	"TE"	1
"13"	19	"IRD_012022"	"1"	"AS111"	"L3"	"C1"	NA	NA	2	NA	"ST"	1
"14"	19	"IRD_012022"	"1"	"AS116"	"L4"	"C1"	NA	NA	2	NA	"TE"	1
"15"	19	"IRD_012022"	"1"	"AS141"	"T"	"C1"	NA	NA	2	NA	"TE"	1
"16"	24	"IRD_012022"	"1"	"AS121"	"L1"	"C1"	NA	NA	2	NA	"TE"	1
"17"	24	"IRD_012022"	"1"	"AS126"	"L2"	"C1"	NA	NA	2	NA	"TE"	1
"18"	24	"IRD_012022"	"1"	"AS131"	"L3"	"C1"	NA	NA	2	NA	"ST"	1
"19"	24	"IRD_012022"	"1"	"AS136"	"L4"	"C1"	NA	NA	2	NA	"TE"	1
"20"	24	"IRD_012022"	"1"	"AS146"	"T"	"C1"	NA	NA	2	NA	"OT"	1
"21"	41	"IRD_012022"	"1"	"AS101"	"L1"	"C1"	NA	NA	2	NA	"ST"	2
"22"	41	"IRD_012022"	"1"	"AS106"	"L2"	"C1"	NA	NA	2	NA	"ST"	2
"23"	41	"IRD_012022"	"1"	"AS111"	"L3"	"C1"	NA	NA	2	NA	"AR"	2
"24"	41	"IRD_012022"	"1"	"AS116"	"L4"	"C1"	NA	NA	2	NA	"TE"	2
"25"	41	"IRD_012022"	"1"	"AS141"	"T"	"C1"	NA	NA	2	NA	"AR"	2
"26"	48	"IRD_012022"	"1"	"AS121"	"L1"	"C1"	NA	NA	2	NA	"ST"	2
"27"	48	"IRD_012022"	"1"	"AS126"	"L2"	"C1"	NA	NA	2	NA	"ST"	2
"28"	48	"IRD_012022"	"1"	"AS131"	"L3"	"C1"	NA	NA	2	NA	"AR"	2
"29"	48	"IRD_012022"	"1"	"AS136"	"L4"	"C1"	NA	NA	2	NA	"TE"	2
"30"	48	"IRD_012022"	"1"	"AS146"	"T"	"C1"	NA	NA	2	NA	"AR"	2
"31"	69	"IRD_012022"	"1"	"AS101"	"L1"	"C1"	NA	NA	2	NA	"ANC"	3
"32"	69	"IRD_012022"	"1"	"AS106"	"L2"	"C1"	NA	NA	2	NA	"ANC"	3
"33"	69	"IRD_012022"	"1"	"AS111"	"L3"	"C1"	NA	NA	2	NA	"ANC"	3
"34"	69	"IRD_012022"	"1"	"AS116"	"L4"	"C1"	NA	NA	2	NA	"AR"	3
"35"	69	"IRD_012022"	"1"	"AS141"	"T"	"C1"	NA	NA	2	NA	"AR"	3
"36"	72	"IRD_012022"	"1"	"AS121"	"L1"	"C1"	NA	NA	2	NA	"AR"	3
"37"	72	"IRD_012022"	"1"	"AS126"	"L2"	"C1"	NA	NA	2	NA	"ANC"	3
"38"	72	"IRD_012022"	"1"	"AS131"	"L3"	"C1"	NA	NA	2	NA	"ANC"	3
"39"	72	"IRD_012022"	"1"	"AS136"	"L4"	"C1"	NA	NA	2	NA	"AR"	3
"40"	72	"IRD_012022"	"1"	"AS146"	"T"	"C1"	NA	NA	2	NA	"AR"	3
"41"	89	"IRD_012022"	"1"	"AS101"	"L1"	"C1"	NA	NA	2	NA	"ANC"	4
"42"	89	"IRD_012022"	"1"	"AS106"	"L2"	"C1"	NA	NA	2	NA	"ANC"	4
"43"	89	"IRD_012022"	"1"	"AS111"	"L3"	"C1"	NA	NA	2	NA	"ANC"	4
"44"	89	"IRD_012022"	"1"	"AS116"	"L4"	"C1"	NA	NA	2	NA	"ANC"	4
"45"	89	"IRD_012022"	"1"	"AS141"	"T"	"C1"	NA	NA	2	NA	"AR"	4
"46"	96	"IRD_012022"	"1"	"AS121"	"L1"	"C1"	NA	NA	2	NA	"ANC"	4
"47"	96	"IRD_012022"	"1"	"AS126"	"L2"	"C1"	NA	NA	2	NA	"ANC"	4
"48"	96	"IRD_012022"	"1"	"AS131"	"L3"	"C1"	NA	NA	2	NA	"ANC"	4
"49"	96	"IRD_012022"	"1"	"AS136"	"L4"	"C1"	NA	NA	2	NA	"ANC"	4
"50"	96	"IRD_012022"	"1"	"AS146"	"T"	"C1"	NA	NA	2	NA	"AR"	4
"51"	118	"IRD_012022"	"1"	"AS101"	"L1"	"C1"	NA	NA	2	NA	"ANC"	5
"52"	118	"IRD_012022"	"1"	"AS106"	"L2"	"C1"	NA	NA	2	NA	"ANC"	5
"53"	118	"IRD_012022"	"1"	"AS111"	"L3"	"C1"	NA	NA	2	NA	"ANC"	5
"54"	118	"IRD_012022"	"1"	"AS116"	"L4"	"C1"	NA	NA	2	NA	"ANC"	5
"55"	118	"IRD_012022"	"1"	"AS141"	"T"	"C1"	NA	NA	2	NA	"ANC"	5
"56"	142	"IRD_012022"	"1"	"AS121"	"L1"	"C1"	NA	NA	2	NA	"ANC"	6
"57"	142	"IRD_012022"	"1"	"AS126"	"L2"	"C1"	NA	NA	2	NA	"ANC"	6
"58"	142	"IRD_012022"	"1"	"AS131"	"L3"	"C1"	NA	NA	2	NA	"ANC"	6
"59"	142	"IRD_012022"	"1"	"AS136"	"L4"	"C1"	NA	NA	2	NA	"ANC"	6
"60"	142	"IRD_012022"	"1"	"AS146"	"T"	"C1"	NA	NA	2	NA	"ANC"	6
"61"	168	"IRD_012022"	"1"	"AS101"	"L1"	"C1"	NA	NA	2	NA	"ANC"	7
"62"	168	"IRD_012022"	"1"	"AS106"	"L2"	"C1"	NA	NA	2	NA	"ANC"	7
"63"	168	"IRD_012022"	"1"	"AS111"	"L3"	"C1"	NA	NA	2	NA	"D"	7
"64"	168	"IRD_012022"	"1"	"AS116"	"L4"	"C1"	NA	NA	2	NA	"ANC"	7
"65"	168	"IRD_012022"	"1"	"AS141"	"T"	"C1"	NA	NA	2	NA	"ANC"	7
"66"	232	"IRD_012022"	"1"	"AS121"	"L1"	"C1"	NA	NA	2	NA	"ANC"	10
"67"	232	"IRD_012022"	"1"	"AS126"	"L2"	"C1"	NA	NA	2	NA	"ANC"	10
"68"	232	"IRD_012022"	"1"	"AS131"	"L3"	"C1"	NA	NA	2	NA	"D"	10
"69"	232	"IRD_012022"	"1"	"AS136"	"L4"	"C1"	NA	NA	2	NA	"D"	10
"70"	232	"IRD_012022"	"1"	"AS146"	"T"	"C1"	NA	NA	2	NA	"D"	10
"71"	19	"IRD_012022"	"2"	"AS101"	"L1"	"C1"	NA	NA	2	NA	"ANC"	1
"72"	19	"IRD_012022"	"2"	"AS106"	"L2"	"C1"	NA	NA	2	NA	"AR"	1
"73"	19	"IRD_012022"	"2"	"AS111"	"L3"	"C1"	NA	NA	2	NA	"AR"	1
"74"	19	"IRD_012022"	"2"	"AS116"	"L4"	"C1"	NA	NA	2	NA	"ANC"	1
"75"	19	"IRD_012022"	"2"	"AS141"	"T"	"C1"	NA	NA	2	NA	"AR"	1
"76"	24	"IRD_012022"	"2"	"AS121"	"L1"	"C1"	NA	NA	2	NA	"ANC"	1
"77"	24	"IRD_012022"	"2"	"AS126"	"L2"	"C1"	NA	NA	2	NA	"AR"	1
"78"	24	"IRD_012022"	"2"	"AS131"	"L3"	"C1"	NA	NA	2	NA	"ANC"	1
"79"	24	"IRD_012022"	"2"	"AS136"	"L4"	"C1"	NA	NA	2	NA	"ANC"	1
"80"	24	"IRD_012022"	"2"	"AS146"	"T"	"C1"	NA	NA	2	NA	"ANC"	1
"81"	41	"IRD_012022"	"2"	"AS101"	"L1"	"C1"	NA	NA	2	NA	"ANC"	2
"82"	41	"IRD_012022"	"2"	"AS106"	"L2"	"C1"	NA	NA	2	NA	"ANC"	2
"83"	41	"IRD_012022"	"2"	"AS111"	"L3"	"C1"	NA	NA	2	NA	"ANC"	2
"84"	41	"IRD_012022"	"2"	"AS116"	"L4"	"C1"	NA	NA	2	NA	"ANC"	2
"85"	41	"IRD_012022"	"2"	"AS141"	"T"	"C1"	NA	NA	2	NA	"ANC"	2
"86"	48	"IRD_012022"	"2"	"AS121"	"L1"	"C1"	NA	NA	2	NA	"ANC"	2
"87"	48	"IRD_012022"	"2"	"AS126"	"L2"	"C1"	NA	NA	2	NA	"ANC"	2
"88"	48	"IRD_012022"	"2"	"AS131"	"L3"	"C1"	NA	NA	2	NA	"ANC"	2
"89"	48	"IRD_012022"	"2"	"AS136"	"L4"	"C1"	NA	NA	2	NA	"ANC"	2
"90"	48	"IRD_012022"	"2"	"AS146"	"T"	"C1"	NA	NA	2	NA	"ANC"	2
"91"	69	"IRD_012022"	"2"	"AS101"	"L1"	"C1"	NA	NA	2	NA	"ANC"	3
"92"	69	"IRD_012022"	"2"	"AS106"	"L2"	"C1"	NA	NA	2	NA	"ANC"	3
"93"	69	"IRD_012022"	"2"	"AS111"	"L3"	"C1"	NA	NA	2	NA	"ANC"	3
"94"	69	"IRD_012022"	"2"	"AS116"	"L4"	"C1"	NA	NA	2	NA	"ANC"	3
"95"	69	"IRD_012022"	"2"	"AS141"	"T"	"C1"	NA	NA	2	NA	"ANC"	3
"96"	72	"IRD_012022"	"2"	"AS121"	"L1"	"C1"	NA	NA	2	NA	"ANC"	3
"97"	72	"IRD_012022"	"2"	"AS126"	"L2"	"C1"	NA	NA	2	NA	"ANC"	3
"98"	72	"IRD_012022"	"2"	"AS131"	"L3"	"C1"	NA	NA	2	NA	"ANC"	3
"99"	72	"IRD_012022"	"2"	"AS136"	"L4"	"C1"	NA	NA	2	NA	"ANC"	3
"100"	72	"IRD_012022"	"2"	"AS146"	"T"	"C1"	NA	NA	2	NA	"ANC"	3
"101"	89	"IRD_012022"	"2"	"AS101"	"L1"	"C1"	NA	NA	2	NA	"ANC"	4
"102"	89	"IRD_012022"	"2"	"AS106"	"L2"	"C1"	NA	NA	2	NA	"ANC"	4
"103"	89	"IRD_012022"	"2"	"AS111"	"L3"	"C1"	NA	NA	2	NA	"ANC"	4
"104"	89	"IRD_012022"	"2"	"AS116"	"L4"	"C1"	NA	NA	2	NA	"ANC"	4
"105"	89	"IRD_012022"	"2"	"AS141"	"T"	"C1"	NA	NA	2	NA	"ANC"	4
"106"	96	"IRD_012022"	"2"	"AS121"	"L1"	"C1"	NA	NA	2	NA	"ANC"	4
"107"	96	"IRD_012022"	"2"	"AS126"	"L2"	"C1"	NA	NA	2	NA	"ANC"	4
"108"	96	"IRD_012022"	"2"	"AS131"	"L3"	"C1"	NA	NA	2	NA	"ANC"	4
"109"	96	"IRD_012022"	"2"	"AS136"	"L4"	"C1"	NA	NA	2	NA	"ANC"	4
"110"	96	"IRD_012022"	"2"	"AS146"	"T"	"C1"	NA	NA	2	NA	"ANC"	4
"111"	118	"IRD_012022"	"2"	"AS101"	"L1"	"C1"	NA	NA	2	NA	"ANC"	5
"112"	118	"IRD_012022"	"2"	"AS106"	"L2"	"C1"	NA	NA	2	NA	"ANC"	5
"113"	118	"IRD_012022"	"2"	"AS111"	"L3"	"C1"	NA	NA	2	NA	"D"	5
"114"	118	"IRD_012022"	"2"	"AS116"	"L4"	"C1"	NA	NA	2	NA	"D"	5
"115"	118	"IRD_012022"	"2"	"AS141"	"T"	"C1"	NA	NA	2	NA	"ANC"	5
"116"	142	"IRD_012022"	"2"	"AS121"	"L1"	"C1"	NA	NA	2	NA	"D"	6
"117"	142	"IRD_012022"	"2"	"AS126"	"L2"	"C1"	NA	NA	2	NA	"D"	6
"118"	142	"IRD_012022"	"2"	"AS131"	"L3"	"C1"	NA	NA	2	NA	"D"	6
"119"	142	"IRD_012022"	"2"	"AS136"	"L4"	"C1"	NA	NA	2	NA	"D"	6
"120"	142	"IRD_012022"	"2"	"AS146"	"T"	"C1"	NA	NA	2	NA	"ANC"	6
"121"	168	"IRD_012022"	"2"	"AS101"	"L1"	"C1"	NA	NA	2	NA	"D"	7
"122"	168	"IRD_012022"	"2"	"AS106"	"L2"	"C1"	NA	NA	2	NA	"D"	7
"123"	168	"IRD_012022"	"2"	"AS111"	"L3"	"C1"	NA	NA	2	NA	"D"	7
"124"	168	"IRD_012022"	"2"	"AS116"	"L4"	"C1"	NA	NA	2	NA	"D"	7
"125"	168	"IRD_012022"	"2"	"AS141"	"T"	"C1"	NA	NA	2	NA	"D"	7
"126"	232	"IRD_012022"	"2"	"AS121"	"L1"	"C1"	NA	NA	2	NA	"D"	10
"127"	232	"IRD_012022"	"2"	"AS126"	"L2"	"C1"	NA	NA	2	NA	"D"	10
"128"	232	"IRD_012022"	"2"	"AS131"	"L3"	"C1"	NA	NA	2	NA	"D"	10
"129"	232	"IRD_012022"	"2"	"AS136"	"L4"	"C1"	NA	NA	2	NA	"D"	10
"130"	232	"IRD_012022"	"2"	"AS146"	"T"	"C1"	NA	NA	2	NA	"D"	10
"131"	239	"IRD_012022"	"1"	"AS101"	"L1"	"C1"	NA	NA	2	NA	"ANC"	10
"132"	239	"IRD_012022"	"1"	"AS106"	"L2"	"C1"	NA	NA	2	NA	"ANC"	10
"133"	239	"IRD_012022"	"1"	"AS111"	"L3"	"C1"	58	NA	2	NA	"D"	10
"134"	239	"IRD_012022"	"1"	"AS116"	"L4"	"C1"	NA	NA	2	NA	"ANC"	10
"135"	239	"IRD_012022"	"1"	"AS141"	"T"	"C1"	NA	NA	2	NA	"ANC"	10
"136"	239	"IRD_012022"	"2"	"AS121"	"L1"	"C1"	68	NA	2	NA	"D"	10
"137"	239	"IRD_012022"	"2"	"AS126"	"L2"	"C1"	68	NA	2	NA	"D"	10
"138"	239	"IRD_012022"	"2"	"AS131"	"L3"	"C1"	73	NA	2	NA	"D"	10
"139"	239	"IRD_012022"	"2"	"AS136"	"L4"	"C1"	53	NA	2	NA	"D"	10
"140"	239	"IRD_012022"	"2"	"AS146"	"T"	"C1"	53	NA	2	NA	"D"	10
"141"	263	"IRD_012022"	"1"	"AS101"	"L1"	"C1"	NA	NA	2	NA	"ANC"	11
"142"	263	"IRD_012022"	"1"	"AS106"	"L2"	"C1"	NA	NA	2	NA	"ANC"	11
"143"	263	"IRD_012022"	"1"	"AS111"	"L3"	"C1"	68	NA	2	NA	"D"	11
"144"	263	"IRD_012022"	"1"	"AS116"	"L4"	"C1"	NA	NA	2	NA	"ANC"	11
"145"	263	"IRD_012022"	"1"	"AS141"	"T"	"C1"	NA	NA	2	NA	"ANC"	11
"146"	263	"IRD_012022"	"2"	"AS121"	"L1"	"C1"	91	NA	2	NA	"D"	11
"147"	263	"IRD_012022"	"2"	"AS126"	"L2"	"C1"	85	NA	2	NA	"D"	11
"148"	263	"IRD_012022"	"2"	"AS131"	"L3"	"C1"	88	NA	2	NA	"D"	11
"149"	263	"IRD_012022"	"2"	"AS136"	"L4"	"C1"	63	NA	2	NA	"D"	11
"150"	263	"IRD_012022"	"2"	"AS146"	"T"	"C1"	69	NA	2	NA	"D"	11
"151"	287	"IRD_012022"	"1"	"AS101"	"L1"	"C1"	NA	NA	2	NA	"ANC"	12
"152"	287	"IRD_012022"	"1"	"AS106"	"L2"	"C1"	NA	NA	NA	NA	"ANC"	12
"153"	287	"IRD_012022"	"1"	"AS111"	"L3"	"C1"	77	NA	2	NA	"D"	12
"154"	287	"IRD_012022"	"1"	"AS116"	"L4"	"C1"	39	NA	2	NA	"D"	12
"155"	287	"IRD_012022"	"1"	"AS141"	"T"	"C1"	45	NA	2	NA	"D"	12
"156"	287	"IRD_012022"	"2"	"AS121"	"L1"	"C1"	100	NA	2	NA	"D"	12
"157"	287	"IRD_012022"	"2"	"AS126"	"L2"	"C1"	99	NA	2	NA	"D"	12
"158"	287	"IRD_012022"	"2"	"AS131"	"L3"	"C1"	109	NA	2	NA	"D"	12
"159"	287	"IRD_012022"	"2"	"AS136"	"L4"	"C1"	73	NA	2	NA	"D"	12
"160"	287	"IRD_012022"	"2"	"AS146"	"T"	"C1"	76	NA	2	NA	"D"	12
"161"	313	"IRD_012022"	"1"	"AS101"	"L1"	"C1"	NA	NA	2	1	"ANC"	13
"162"	313	"IRD_012022"	"1"	"AS106"	"L2"	"C1"	NA	NA	NA	1	"ANC"	13
"163"	313	"IRD_012022"	"1"	"AS111"	"L3"	"C1"	90	NA	2	1	"D"	13
"164"	313	"IRD_012022"	"1"	"AS116"	"L4"	"C1"	47	NA	2	1	"D"	13
"165"	313	"IRD_012022"	"1"	"AS141"	"T"	"C1"	54	NA	2	1	"D"	13
"166"	313	"IRD_012022"	"2"	"AS121"	"L1"	"C1"	112	NA	2	1	"D"	13
"167"	313	"IRD_012022"	"2"	"AS126"	"L2"	"C1"	108	NA	2	1	"D"	13
"168"	313	"IRD_012022"	"2"	"AS131"	"L3"	"C1"	114	NA	2	1	"D"	13
"169"	313	"IRD_012022"	"2"	"AS136"	"L4"	"C1"	85	NA	2	1	"D"	13
"170"	313	"IRD_012022"	"2"	"AS146"	"T"	"C1"	93	NA	2	1	"D"	13
"171"	335	"IRD_012022"	"1"	"AS101"	"L1"	"C1"	NA	NA	2	1	"ANC"	14
"172"	335	"IRD_012022"	"1"	"AS106"	"L2"	"C1"	NA	NA	NA	1	"ANC"	14
"173"	335	"IRD_012022"	"1"	"AS111"	"L3"	"C1"	99	NA	2	1	"D"	14
"174"	335	"IRD_012022"	"1"	"AS116"	"L4"	"C1"	54	NA	2	1	"D"	14
"175"	335	"IRD_012022"	"1"	"AS141"	"T"	"C1"	64	NA	2	1	"D"	14
"176"	335	"IRD_012022"	"2"	"AS121"	"L1"	"C1"	119	NA	2	1	"D"	14
"177"	335	"IRD_012022"	"2"	"AS126"	"L2"	"C1"	117	NA	2	1	"D"	14
"178"	335	"IRD_012022"	"2"	"AS131"	"L3"	"C1"	123	NA	2	1	"D"	14
"179"	335	"IRD_012022"	"2"	"AS136"	"L4"	"C1"	92	NA	2	1	"D"	14
"180"	335	"IRD_012022"	"2"	"AS146"	"T"	"C1"	98	NA	2	1	"D"	14
"181"	407	"IRD_012022"	"1"	"AS101"	"L1"	"C1"	68	NA	2	1	"D"	17
"182"	407	"IRD_012022"	"1"	"AS106"	"L2"	"C1"	NA	NA	NA	1	NA	17
"183"	407	"IRD_012022"	"1"	"AS111"	"L3"	"C1"	111	NA	2	1	"D"	17
"184"	407	"IRD_012022"	"1"	"AS116"	"L4"	"C1"	74	NA	2	1	"D"	17
"185"	407	"IRD_012022"	"1"	"AS141"	"T"	"C1"	87	NA	2	1	"D"	17
"186"	407	"IRD_012022"	"2"	"AS121"	"L1"	"C1"	124	NA	2	1	"D"	17
"187"	407	"IRD_012022"	"2"	"AS126"	"L2"	"C1"	110	NA	2	1	"D"	17
"188"	407	"IRD_012022"	"2"	"AS131"	"L3"	"C1"	139	NA	2	1	"D"	17
"189"	407	"IRD_012022"	"2"	"AS136"	"L4"	"C1"	95	NA	2	1	"D"	17
"190"	407	"IRD_012022"	"2"	"AS146"	"T"	"C1"	91	NA	2	1	"D"	17
"191"	431	"IRD_012022"	"1"	"AS101"	"L1"	"C1"	75	NA	2	1	"D"	18
"192"	431	"IRD_012022"	"1"	"AS106"	"L2"	"C1"	NA	NA	NA	1	NA	18
"193"	431	"IRD_012022"	"1"	"AS111"	"L3"	"C1"	114	NA	2	1	"D"	18
"194"	431	"IRD_012022"	"1"	"AS116"	"L4"	"C1"	86	NA	2	1	"D"	18
"195"	431	"IRD_012022"	"1"	"AS141"	"T"	"C1"	95	NA	2	1	"D"	18
"196"	431	"IRD_012022"	"2"	"AS121"	"L1"	"C1"	131	NA	2	1	"D"	18
"197"	431	"IRD_012022"	"2"	"AS126"	"L2"	"C1"	113	NA	2	1	"D"	18
"198"	431	"IRD_012022"	"2"	"AS131"	"L3"	"C1"	140	NA	2	1	"D"	18
"199"	431	"IRD_012022"	"2"	"AS136"	"L4"	"C1"	94	NA	2	1	"D"	18
"200"	431	"IRD_012022"	"2"	"AS146"	"T"	"C1"	95	NA	2	1	"D"	18
"201"	456	"IRD_012022"	"1"	"AS101"	"L1"	"C1"	80	NA	2	1	"D"	19
"202"	456	"IRD_012022"	"1"	"AS106"	"L2"	"C1"	NA	NA	NA	1	NA	19
"203"	456	"IRD_012022"	"1"	"AS111"	"L3"	"C1"	121	NA	2	3	"D"	19
"204"	456	"IRD_012022"	"1"	"AS116"	"L4"	"C1"	85	NA	2	1	"D"	19
"205"	456	"IRD_012022"	"1"	"AS141"	"T"	"C1"	105	NA	2	1	"D"	19
"206"	456	"IRD_012022"	"2"	"AS121"	"L1"	"C1"	134	NA	2	1	"D"	19
"207"	456	"IRD_012022"	"2"	"AS126"	"L2"	"C1"	115	NA	2	1	"D"	19
"208"	456	"IRD_012022"	"2"	"AS131"	"L3"	"C1"	149	NA	2	1	"D"	19
"209"	456	"IRD_012022"	"2"	"AS136"	"L4"	"C1"	100	NA	2	3	"D"	19
"210"	456	"IRD_012022"	"2"	"AS146"	"T"	"C1"	110	NA	2	3	"D"	19
"211"	479	"IRD_012022"	"1"	"AS101"	"L1"	"C1"	94	NA	2	1	"D"	20
"212"	479	"IRD_012022"	"1"	"AS106"	"L2"	"C1"	NA	NA	NA	1	NA	20
"213"	479	"IRD_012022"	"1"	"AS111"	"L3"	"C1"	121	NA	2	3	"D"	20
"214"	479	"IRD_012022"	"1"	"AS116"	"L4"	"C1"	92	NA	2	1	"D"	20
"215"	479	"IRD_012022"	"1"	"AS141"	"T"	"C1"	114	NA	2	1	"D"	20
"216"	479	"IRD_012022"	"2"	"AS121"	"L1"	"C1"	139	NA	2	1	"D"	20
"217"	479	"IRD_012022"	"2"	"AS126"	"L2"	"C1"	121	NA	2	1	"D"	20
"218"	479	"IRD_012022"	"2"	"AS131"	"L3"	"C1"	151	NA	2	1	"D"	20
"219"	479	"IRD_012022"	"2"	"AS136"	"L4"	"C1"	104	NA	2	3	"D"	20
"220"	479	"IRD_012022"	"2"	"AS146"	"T"	"C1"	109	NA	2	3	"D"	20
"221"	503	"IRD_012022"	"1"	"AS101"	"L1"	"C1"	98	2	2	1	"D"	21
"222"	503	"IRD_012022"	"1"	"AS106"	"L2"	"C1"	NA	NA	NA	1	NA	21
"223"	503	"IRD_012022"	"1"	"AS111"	"L3"	"C1"	132	8	2	3	"D"	21
"224"	503	"IRD_012022"	"1"	"AS116"	"L4"	"C1"	99	4	2	1	"D"	21
"225"	503	"IRD_012022"	"1"	"AS141"	"T"	"C1"	118	4	2	1	"D"	21
"226"	503	"IRD_012022"	"2"	"AS121"	"L1"	"C1"	144	2	2	1	"D"	21
"227"	503	"IRD_012022"	"2"	"AS126"	"L2"	"C1"	122	5	2	1	"D"	21
"228"	503	"IRD_012022"	"2"	"AS131"	"L3"	"C1"	156	3	2	1	"D"	21
"229"	503	"IRD_012022"	"2"	"AS136"	"L4"	"C1"	104	2	2	3	"D"	21
"230"	503	"IRD_012022"	"2"	"AS146"	"T"	"C1"	111	3	2	3	"D"	21
"231"	575	"IRD_012022"	"1"	"AS101"	"L1"	"C1"	130	2	2	1	"D"	24
"232"	575	"IRD_012022"	"1"	"AS106"	"L2"	"C1"	NA	NA	NA	1	NA	24
"233"	575	"IRD_012022"	"1"	"AS111"	"L3"	"C1"	141	8	2	3	"D"	24
"234"	575	"IRD_012022"	"1"	"AS116"	"L4"	"C1"	119	4	2	1	"D"	24
"235"	575	"IRD_012022"	"1"	"AS141"	"T"	"C1"	139	4	2	1	"D"	24
"236"	575	"IRD_012022"	"2"	"AS121"	"L1"	"C1"	161	2	2	1	"D"	24
"237"	575	"IRD_012022"	"2"	"AS126"	"L2"	"C1"	131	5	2	1	"D"	24
"238"	575	"IRD_012022"	"2"	"AS131"	"L3"	"C1"	172	3	2	1	"D"	24
"239"	575	"IRD_012022"	"2"	"AS136"	"L4"	"C1"	109	4	2	3	"D"	24
"240"	575	"IRD_012022"	"2"	"AS146"	"T"	"C1"	120	3	2	3	"D"	24
"241"	599	"IRD_012022"	"1"	"AS101"	"L1"	"C1"	134	4	2	1	"D"	25
"242"	599	"IRD_012022"	"1"	"AS106"	"L2"	"C1"	NA	NA	NA	1	NA	25
"243"	599	"IRD_012022"	"1"	"AS111"	"L3"	"C1"	145	8	2	3	"D"	25
"244"	599	"IRD_012022"	"1"	"AS116"	"L4"	"C1"	124	4	2	1	"D"	25
"245"	599	"IRD_012022"	"1"	"AS141"	"T"	"C1"	114	4	2	1	"D"	25
"246"	599	"IRD_012022"	"2"	"AS121"	"L1"	"C1"	167	2	2	1	"D"	25
"247"	599	"IRD_012022"	"2"	"AS126"	"L2"	"C1"	131	5	2	1	"D"	25
"248"	599	"IRD_012022"	"2"	"AS131"	"L3"	"C1"	176	7	2	1	"D"	25
"249"	599	"IRD_012022"	"2"	"AS136"	"L4"	"C1"	108	4	2	3	"D"	25
"250"	599	"IRD_012022"	"2"	"AS146"	"T"	"C1"	121	3	2	3	"D"	25
"251"	623	"IRD_012022"	"1"	"AS101"	"L1"	"C1"	143	4	2	1	"D"	26
"252"	623	"IRD_012022"	"1"	"AS106"	"L2"	"C1"	NA	NA	NA	1	NA	26
"253"	623	"IRD_012022"	"1"	"AS111"	"L3"	"C1"	148	8	2	3	"D"	26
"254"	623	"IRD_012022"	"1"	"AS116"	"L4"	"C1"	130	6	2	1	"D"	26
"255"	623	"IRD_012022"	"1"	"AS141"	"T"	"C1"	151	4	2	1	"D"	26
"256"	623	"IRD_012022"	"2"	"AS121"	"L1"	"C1"	174	4	2	1	"D"	26
"257"	623	"IRD_012022"	"2"	"AS126"	"L2"	"C1"	137	7	2	1	"D"	26
"258"	623	"IRD_012022"	"2"	"AS131"	"L3"	"C1"	185	7	2	1	"D"	26
"259"	623	"IRD_012022"	"2"	"AS136"	"L4"	"C1"	110	6	2	3	"D"	26
"260"	623	"IRD_012022"	"2"	"AS146"	"T"	"C1"	121	3	2	3	"D"	26
"261"	671	"IRD_012022"	"1"	"AS101"	"L1"	"C1"	154	4	2	1	"D"	28
"262"	671	"IRD_012022"	"1"	"AS106"	"L2"	"C1"	NA	NA	NA	1	NA	28
"263"	671	"IRD_012022"	"1"	"AS111"	"L3"	"C1"	159	10	2	3	"D"	28
"264"	671	"IRD_012022"	"1"	"AS116"	"L4"	"C1"	146	6	2	1	"D"	28
"265"	671	"IRD_012022"	"1"	"AS141"	"T"	"C1"	169	4	2	1	"D"	28
"266"	671	"IRD_012022"	"2"	"AS121"	"L1"	"C1"	191	4	2	1	"D"	28
"267"	671	"IRD_012022"	"2"	"AS126"	"L2"	"C1"	145	7	0	1	"D"	28
"268"	671	"IRD_012022"	"2"	"AS131"	"L3"	"C1"	194	7	2	1	"D"	28
"269"	671	"IRD_012022"	"2"	"AS136"	"L4"	"C1"	114	6	2	3	"D"	28
"270"	671	"IRD_012022"	"2"	"AS146"	"T"	"C1"	132	6	2	3	"D"	28
"271"	743	"IRD_012022"	"1"	"AS101"	"L1"	"C1"	177	4	2	1	"D"	31
"272"	743	"IRD_012022"	"1"	"AS106"	"L2"	"C1"	NA	NA	NA	1	NA	31
"273"	743	"IRD_012022"	"1"	"AS111"	"L3"	"C1"	178	14	2	3	"D"	31
"274"	743	"IRD_012022"	"1"	"AS116"	"L4"	"C1"	168	8	2	1	"D"	31
"275"	743	"IRD_012022"	"1"	"AS141"	"T"	"C1"	191	4	2	1	"D"	31
"276"	743	"IRD_012022"	"2"	"AS121"	"L1"	"C1"	208	4	2	1	"D"	31
"277"	743	"IRD_012022"	"2"	"AS126"	"L2"	"C1"	165	9	2	1	"D"	31
"278"	743	"IRD_012022"	"2"	"AS131"	"L3"	"C1"	208	4	2	1	"D"	31
"279"	743	"IRD_012022"	"2"	"AS136"	"L4"	"C1"	119	8	2	3	"D"	31
"280"	743	"IRD_012022"	"2"	"AS146"	"T"	"C1"	140	6	2	3	"D"	31
"281"	767	"IRD_012022"	"1"	"AS101"	"L1"	"C1"	177	4	2	1	"D"	32
"282"	767	"IRD_012022"	"1"	"AS106"	"L2"	"C1"	NA	NA	NA	1	NA	32
"283"	767	"IRD_012022"	"1"	"AS111"	"L3"	"C1"	182	12	2	3	"D"	32
"284"	767	"IRD_012022"	"1"	"AS116"	"L4"	"C1"	171	8	2	1	"D"	32
"285"	767	"IRD_012022"	"1"	"AS141"	"T"	"C1"	195	4	2	1	"D"	32
"286"	767	"IRD_012022"	"2"	"AS121"	"L1"	"C1"	222	4	2	1	"D"	32
"287"	767	"IRD_012022"	"2"	"AS126"	"L2"	"C1"	166	9	0	1	"D"	32
"288"	767	"IRD_012022"	"2"	"AS131"	"L3"	"C1"	128	7	0	1	"D"	32
"289"	767	"IRD_012022"	"2"	"AS136"	"L4"	"C1"	119	8	2	3	"D"	32
"290"	767	"IRD_012022"	"2"	"AS146"	"T"	"C1"	144	4	2	3	"D"	32
"291"	836	"IRD_012022"	"1"	"AS101"	"L1"	"C1"	206	4	2	1	"D"	35
"292"	836	"IRD_012022"	"1"	"AS106"	"L2"	"C1"	NA	NA	NA	1	NA	35
"293"	836	"IRD_012022"	"1"	"AS111"	"L3"	"C1"	191	14	2	3	"D"	35
"294"	836	"IRD_012022"	"1"	"AS116"	"L4"	"C1"	183	14	2	1	"D"	35
"295"	836	"IRD_012022"	"1"	"AS141"	"T"	"C1"	206	6	2	1	"D"	35
"296"	836	"IRD_012022"	"2"	"AS121"	"L1"	"C1"	227	12	2	1	"D"	35
"297"	836	"IRD_012022"	"2"	"AS126"	"L2"	"C1"	183	9	0	1	"D"	35
"298"	836	"IRD_012022"	"2"	"AS131"	"L3"	"C1"	226	9	0	1	"D"	35
"299"	836	"IRD_012022"	"2"	"AS136"	"L4"	"C1"	122	8	2	3	"D"	35
"300"	836	"IRD_012022"	"2"	"AS146"	"T"	"C1"	151	6	2	3	"D"	35
"301"	911	"IRD_012022"	"1"	"AS101"	"L1"	"C1"	228	4	2	1	"D"	38
"302"	911	"IRD_012022"	"1"	"AS106"	"L2"	"C1"	NA	NA	NA	1	NA	38
"303"	911	"IRD_012022"	"1"	"AS111"	"L3"	"C1"	211	16	2	3	"D"	38
"304"	911	"IRD_012022"	"1"	"AS116"	"L4"	"C1"	205	13	0	1	"D"	38
"305"	911	"IRD_012022"	"1"	"AS141"	"T"	"C1"	222	10	2	1	"D"	38
"306"	911	"IRD_012022"	"2"	"AS121"	"L1"	"C1"	254	12	2	1	"D"	38
"307"	911	"IRD_012022"	"2"	"AS126"	"L2"	"C1"	209	11	0	1	"D"	38
"308"	911	"IRD_012022"	"2"	"AS131"	"L3"	"C1"	252	11	0	1	"D"	38
"309"	911	"IRD_012022"	"2"	"AS136"	"L4"	"C1"	132	8	0	3	"D"	38
"310"	911	"IRD_012022"	"2"	"AS146"	"T"	"C1"	159	9	2	3	"D"	38
"311"	0	"IRD_012022"	"1"	"AS102"	"L1"	"C2"	0	NA	2	NA	"TE"	0
"312"	0	"IRD_012022"	"1"	"AS107"	"L2"	"C2"	0	NA	2	NA	"TE"	0
"313"	0	"IRD_012022"	"1"	"AS112"	"L3"	"C2"	0	NA	2	NA	"TE"	0
"314"	0	"IRD_012022"	"1"	"AS117"	"L4"	"C2"	0	NA	2	NA	"TE"	0
"315"	0	"IRD_012022"	"1"	"AS142"	"T"	"C2"	0	NA	2	NA	"TE"	0
"316"	0	"IRD_012022"	"2"	"AS122"	"L1"	"C2"	0	NA	2	NA	NA	0
"317"	0	"IRD_012022"	"2"	"AS127"	"L2"	"C2"	0	NA	2	NA	"AR"	0
"318"	0	"IRD_012022"	"2"	"AS132"	"L3"	"C2"	0	NA	2	NA	"AR"	0
"319"	0	"IRD_012022"	"2"	"AS137"	"L4"	"C2"	0	NA	2	NA	"AR"	0
"320"	0	"IRD_012022"	"2"	"AS147"	"T"	"C2"	0	NA	2	NA	"AR"	0
"321"	19	"IRD_012022"	"1"	"AS102"	"L1"	"C2"	NA	NA	2	NA	"TE"	1
"322"	19	"IRD_012022"	"1"	"AS107"	"L2"	"C2"	NA	NA	2	NA	"TE"	1
"323"	19	"IRD_012022"	"1"	"AS112"	"L3"	"C2"	NA	NA	2	NA	"TE"	1
"324"	19	"IRD_012022"	"1"	"AS117"	"L4"	"C2"	NA	NA	2	NA	"TE"	1
"325"	19	"IRD_012022"	"1"	"AS142"	"T"	"C2"	NA	NA	2	NA	"TE"	1
"326"	24	"IRD_012022"	"1"	"AS122"	"L1"	"C2"	NA	NA	2	NA	"TE"	1
"327"	24	"IRD_012022"	"1"	"AS127"	"L2"	"C2"	NA	NA	2	NA	"OT"	1
"328"	24	"IRD_012022"	"1"	"AS132"	"L3"	"C2"	NA	NA	2	NA	"TE"	1
"329"	24	"IRD_012022"	"1"	"AS137"	"L4"	"C2"	NA	NA	2	NA	"TE"	1
"330"	24	"IRD_012022"	"1"	"AS147"	"T"	"C2"	NA	NA	2	NA	"TE"	1
"331"	41	"IRD_012022"	"1"	"AS102"	"L1"	"C2"	NA	NA	2	NA	"TE"	2
"332"	41	"IRD_012022"	"1"	"AS107"	"L2"	"C2"	NA	NA	2	NA	"ST"	2
"333"	41	"IRD_012022"	"1"	"AS112"	"L3"	"C2"	NA	NA	2	NA	"OT"	2
"334"	41	"IRD_012022"	"1"	"AS117"	"L4"	"C2"	NA	NA	2	NA	"TE"	2
"335"	41	"IRD_012022"	"1"	"AS142"	"T"	"C2"	NA	NA	2	NA	"TE"	2
"336"	48	"IRD_012022"	"1"	"AS122"	"L1"	"C2"	NA	NA	2	NA	"TE"	2
"337"	48	"IRD_012022"	"1"	"AS127"	"L2"	"C2"	NA	NA	2	NA	"ST"	2
"338"	48	"IRD_012022"	"1"	"AS132"	"L3"	"C2"	NA	NA	2	NA	"ST"	2
"339"	48	"IRD_012022"	"1"	"AS137"	"L4"	"C2"	NA	NA	2	NA	"TE"	2
"340"	48	"IRD_012022"	"1"	"AS147"	"T"	"C2"	NA	NA	2	NA	"TE"	2
"341"	69	"IRD_012022"	"1"	"AS102"	"L1"	"C2"	NA	NA	2	NA	"AR"	3
"342"	69	"IRD_012022"	"1"	"AS107"	"L2"	"C2"	NA	NA	2	NA	"ANC"	3
"343"	69	"IRD_012022"	"1"	"AS112"	"L3"	"C2"	NA	NA	2	NA	"AR"	3
"344"	69	"IRD_012022"	"1"	"AS117"	"L4"	"C2"	NA	NA	2	NA	"ST"	3
"345"	69	"IRD_012022"	"1"	"AS142"	"T"	"C2"	NA	NA	2	NA	"TE"	3
"346"	72	"IRD_012022"	"1"	"AS122"	"L1"	"C2"	NA	NA	2	NA	"AR"	3
"347"	72	"IRD_012022"	"1"	"AS127"	"L2"	"C2"	NA	NA	2	NA	"ANC"	3
"348"	72	"IRD_012022"	"1"	"AS132"	"L3"	"C2"	NA	NA	2	NA	"ANC"	3
"349"	72	"IRD_012022"	"1"	"AS137"	"L4"	"C2"	NA	NA	2	NA	"AR"	3
"350"	72	"IRD_012022"	"1"	"AS147"	"T"	"C2"	NA	NA	2	NA	"TE"	3
"351"	89	"IRD_012022"	"1"	"AS102"	"L1"	"C2"	NA	NA	2	NA	"AR"	4
"352"	89	"IRD_012022"	"1"	"AS107"	"L2"	"C2"	NA	NA	2	NA	"ANC"	4
"353"	89	"IRD_012022"	"1"	"AS112"	"L3"	"C2"	NA	NA	2	NA	"ANC"	4
"354"	89	"IRD_012022"	"1"	"AS117"	"L4"	"C2"	NA	NA	2	NA	"ANC"	4
"355"	89	"IRD_012022"	"1"	"AS142"	"T"	"C2"	NA	NA	2	NA	"TE"	4
"356"	96	"IRD_012022"	"1"	"AS122"	"L1"	"C2"	NA	NA	2	NA	"AR"	4
"357"	96	"IRD_012022"	"1"	"AS127"	"L2"	"C2"	NA	NA	2	NA	"ANC"	4
"358"	96	"IRD_012022"	"1"	"AS132"	"L3"	"C2"	NA	NA	2	NA	"ANC"	4
"359"	96	"IRD_012022"	"1"	"AS137"	"L4"	"C2"	NA	NA	2	NA	"ANC"	4
"360"	96	"IRD_012022"	"1"	"AS147"	"T"	"C2"	NA	NA	2	NA	"TE"	4
"361"	118	"IRD_012022"	"1"	"AS102"	"L1"	"C2"	NA	NA	2	NA	"ANC"	5
"362"	118	"IRD_012022"	"1"	"AS107"	"L2"	"C2"	NA	NA	2	NA	"ANC"	5
"363"	118	"IRD_012022"	"1"	"AS112"	"L3"	"C2"	NA	NA	2	NA	"ANC"	5
"364"	118	"IRD_012022"	"1"	"AS117"	"L4"	"C2"	NA	NA	2	NA	"ANC"	5
"365"	118	"IRD_012022"	"1"	"AS142"	"T"	"C2"	NA	NA	2	NA	"TE"	5
"366"	142	"IRD_012022"	"1"	"AS122"	"L1"	"C2"	NA	NA	2	NA	"ANC"	6
"367"	142	"IRD_012022"	"1"	"AS127"	"L2"	"C2"	NA	NA	2	NA	"ANC"	6
"368"	142	"IRD_012022"	"1"	"AS132"	"L3"	"C2"	NA	NA	2	NA	"ANC"	6
"369"	142	"IRD_012022"	"1"	"AS137"	"L4"	"C2"	NA	NA	2	NA	"ANC"	6
"370"	142	"IRD_012022"	"1"	"AS147"	"T"	"C2"	NA	NA	2	NA	"ST"	6
"371"	168	"IRD_012022"	"1"	"AS102"	"L1"	"C2"	NA	NA	2	NA	"ANC"	7
"372"	168	"IRD_012022"	"1"	"AS107"	"L2"	"C2"	NA	NA	2	NA	"ANC"	7
"373"	168	"IRD_012022"	"1"	"AS112"	"L3"	"C2"	NA	NA	2	NA	"ANC"	7
"374"	168	"IRD_012022"	"1"	"AS117"	"L4"	"C2"	NA	NA	2	NA	"ANC"	7
"375"	168	"IRD_012022"	"1"	"AS142"	"T"	"C2"	NA	NA	2	NA	"AR"	7
"376"	232	"IRD_012022"	"1"	"AS122"	"L1"	"C2"	NA	NA	2	NA	"D"	10
"377"	232	"IRD_012022"	"1"	"AS127"	"L2"	"C2"	NA	NA	2	NA	"ANC"	10
"378"	232	"IRD_012022"	"1"	"AS132"	"L3"	"C2"	NA	NA	2	NA	"D"	10
"379"	232	"IRD_012022"	"1"	"AS137"	"L4"	"C2"	NA	NA	2	NA	"ANC"	10
"380"	232	"IRD_012022"	"1"	"AS147"	"T"	"C2"	NA	NA	2	NA	"D"	10
"381"	19	"IRD_012022"	"2"	"AS102"	"L1"	"C2"	NA	NA	2	NA	NA	1
"382"	19	"IRD_012022"	"2"	"AS107"	"L2"	"C2"	NA	NA	2	NA	"AR"	1
"383"	19	"IRD_012022"	"2"	"AS112"	"L3"	"C2"	NA	NA	2	NA	"AR"	1
"384"	19	"IRD_012022"	"2"	"AS117"	"L4"	"C2"	NA	NA	2	NA	"ANC"	1
"385"	19	"IRD_012022"	"2"	"AS142"	"T"	"C2"	NA	NA	2	NA	"AR"	1
"386"	24	"IRD_012022"	"2"	"AS122"	"L1"	"C2"	NA	NA	2	NA	NA	1
"387"	24	"IRD_012022"	"2"	"AS127"	"L2"	"C2"	NA	NA	2	NA	"ANC"	1
"388"	24	"IRD_012022"	"2"	"AS132"	"L3"	"C2"	NA	NA	2	NA	"ANC"	1
"389"	24	"IRD_012022"	"2"	"AS137"	"L4"	"C2"	NA	NA	2	NA	"ANC"	1
"390"	24	"IRD_012022"	"2"	"AS147"	"T"	"C2"	NA	NA	2	NA	"AR"	1
"391"	41	"IRD_012022"	"2"	"AS102"	"L1"	"C2"	NA	NA	2	NA	NA	2
"392"	41	"IRD_012022"	"2"	"AS107"	"L2"	"C2"	NA	NA	2	NA	"ANC"	2
"393"	41	"IRD_012022"	"2"	"AS112"	"L3"	"C2"	NA	NA	2	NA	"ANC"	2
"394"	41	"IRD_012022"	"2"	"AS117"	"L4"	"C2"	NA	NA	2	NA	"ANC"	2
"395"	41	"IRD_012022"	"2"	"AS142"	"T"	"C2"	NA	NA	2	NA	"ANC"	2
"396"	48	"IRD_012022"	"2"	"AS122"	"L1"	"C2"	NA	NA	2	NA	NA	2
"397"	48	"IRD_012022"	"2"	"AS127"	"L2"	"C2"	NA	NA	2	NA	"ANC"	2
"398"	48	"IRD_012022"	"2"	"AS132"	"L3"	"C2"	NA	NA	2	NA	"ANC"	2
"399"	48	"IRD_012022"	"2"	"AS137"	"L4"	"C2"	NA	NA	2	NA	"ANC"	2
"400"	48	"IRD_012022"	"2"	"AS147"	"T"	"C2"	NA	NA	2	NA	"ANC"	2
"401"	69	"IRD_012022"	"2"	"AS102"	"L1"	"C2"	NA	NA	2	NA	NA	3
"402"	69	"IRD_012022"	"2"	"AS107"	"L2"	"C2"	NA	NA	2	NA	"ANC"	3
"403"	69	"IRD_012022"	"2"	"AS112"	"L3"	"C2"	NA	NA	2	NA	"ANC"	3
"404"	69	"IRD_012022"	"2"	"AS117"	"L4"	"C2"	NA	NA	2	NA	"ANC"	3
"405"	69	"IRD_012022"	"2"	"AS142"	"T"	"C2"	NA	NA	2	NA	"ANC"	3
"406"	72	"IRD_012022"	"2"	"AS122"	"L1"	"C2"	NA	NA	2	NA	NA	3
"407"	72	"IRD_012022"	"2"	"AS127"	"L2"	"C2"	NA	NA	2	NA	"ANC"	3
"408"	72	"IRD_012022"	"2"	"AS132"	"L3"	"C2"	NA	NA	2	NA	"ANC"	3
"409"	72	"IRD_012022"	"2"	"AS137"	"L4"	"C2"	NA	NA	2	NA	"ANC"	3
"410"	72	"IRD_012022"	"2"	"AS147"	"T"	"C2"	NA	NA	2	NA	"ANC"	3
"411"	89	"IRD_012022"	"2"	"AS102"	"L1"	"C2"	NA	NA	2	NA	NA	4
"412"	89	"IRD_012022"	"2"	"AS107"	"L2"	"C2"	NA	NA	2	NA	"ANC"	4
"413"	89	"IRD_012022"	"2"	"AS112"	"L3"	"C2"	NA	NA	2	NA	"ANC"	4
"414"	89	"IRD_012022"	"2"	"AS117"	"L4"	"C2"	NA	NA	2	NA	"ANC"	4
"415"	89	"IRD_012022"	"2"	"AS142"	"T"	"C2"	NA	NA	2	NA	"ANC"	4
"416"	96	"IRD_012022"	"2"	"AS122"	"L1"	"C2"	NA	NA	2	NA	NA	4
"417"	96	"IRD_012022"	"2"	"AS127"	"L2"	"C2"	NA	NA	2	NA	"ANC"	4
"418"	96	"IRD_012022"	"2"	"AS132"	"L3"	"C2"	NA	NA	2	NA	"ANC"	4
"419"	96	"IRD_012022"	"2"	"AS137"	"L4"	"C2"	NA	NA	2	NA	"D"	4
"420"	96	"IRD_012022"	"2"	"AS147"	"T"	"C2"	NA	NA	2	NA	"ANC"	4
"421"	118	"IRD_012022"	"2"	"AS102"	"L1"	"C2"	NA	NA	2	NA	NA	5
"422"	118	"IRD_012022"	"2"	"AS107"	"L2"	"C2"	NA	NA	2	NA	"ANC"	5
"423"	118	"IRD_012022"	"2"	"AS112"	"L3"	"C2"	NA	NA	2	NA	"ANC"	5
"424"	118	"IRD_012022"	"2"	"AS117"	"L4"	"C2"	NA	NA	2	NA	"D"	5
"425"	118	"IRD_012022"	"2"	"AS142"	"T"	"C2"	NA	NA	2	NA	"ANC"	5
"426"	142	"IRD_012022"	"2"	"AS122"	"L1"	"C2"	NA	NA	2	NA	NA	6
"427"	142	"IRD_012022"	"2"	"AS127"	"L2"	"C2"	NA	NA	2	NA	"D"	6
"428"	142	"IRD_012022"	"2"	"AS132"	"L3"	"C2"	NA	NA	2	NA	"D"	6
"429"	142	"IRD_012022"	"2"	"AS137"	"L4"	"C2"	NA	NA	2	NA	"D"	6
"430"	142	"IRD_012022"	"2"	"AS147"	"T"	"C2"	NA	NA	2	NA	"ANC"	6
"431"	168	"IRD_012022"	"2"	"AS102"	"L1"	"C2"	NA	NA	2	NA	NA	7
"432"	168	"IRD_012022"	"2"	"AS107"	"L2"	"C2"	NA	NA	2	NA	"D"	7
"433"	168	"IRD_012022"	"2"	"AS112"	"L3"	"C2"	NA	NA	2	NA	"D"	7
"434"	168	"IRD_012022"	"2"	"AS117"	"L4"	"C2"	NA	NA	2	NA	"D"	7
"435"	168	"IRD_012022"	"2"	"AS142"	"T"	"C2"	NA	NA	2	NA	"D"	7
"436"	232	"IRD_012022"	"2"	"AS122"	"L1"	"C2"	NA	NA	2	NA	NA	10
"437"	232	"IRD_012022"	"2"	"AS127"	"L2"	"C2"	NA	NA	2	NA	"D"	10
"438"	232	"IRD_012022"	"2"	"AS132"	"L3"	"C2"	NA	NA	2	NA	"D"	10
"439"	232	"IRD_012022"	"2"	"AS137"	"L4"	"C2"	NA	NA	2	NA	"D"	10
"440"	232	"IRD_012022"	"2"	"AS147"	"T"	"C2"	NA	NA	2	NA	"D"	10
"441"	239	"IRD_012022"	"1"	"AS102"	"L1"	"C2"	NA	NA	2	NA	"ANC"	10
"442"	239	"IRD_012022"	"1"	"AS107"	"L2"	"C2"	43	NA	2	NA	"D"	10
"443"	239	"IRD_012022"	"1"	"AS112"	"L3"	"C2"	NA	NA	2	NA	"ANC"	10
"444"	239	"IRD_012022"	"1"	"AS117"	"L4"	"C2"	NA	NA	2	NA	"ANC"	10
"445"	239	"IRD_012022"	"1"	"AS142"	"T"	"C2"	NA	NA	2	NA	"ANC"	10
"446"	239	"IRD_012022"	"2"	"AS122"	"L1"	"C2"	NA	NA	2	NA	NA	10
"447"	239	"IRD_012022"	"2"	"AS127"	"L2"	"C2"	63	NA	2	NA	"D"	10
"448"	239	"IRD_012022"	"2"	"AS132"	"L3"	"C2"	53	NA	2	NA	"D"	10
"449"	239	"IRD_012022"	"2"	"AS137"	"L4"	"C2"	73	NA	2	NA	"D"	10
"450"	239	"IRD_012022"	"2"	"AS147"	"T"	"C2"	33	NA	2	NA	"D"	10
"451"	263	"IRD_012022"	"1"	"AS102"	"L1"	"C2"	43	NA	2	NA	"D"	11
"452"	263	"IRD_012022"	"1"	"AS107"	"L2"	"C2"	58	NA	2	NA	"D"	11
"453"	263	"IRD_012022"	"1"	"AS112"	"L3"	"C2"	43	NA	2	NA	"D"	11
"454"	263	"IRD_012022"	"1"	"AS117"	"L4"	"C2"	NA	NA	2	NA	"ANC"	11
"455"	263	"IRD_012022"	"1"	"AS142"	"T"	"C2"	NA	NA	2	NA	"ANC"	11
"456"	263	"IRD_012022"	"2"	"AS122"	"L1"	"C2"	NA	NA	NA	NA	NA	11
"457"	263	"IRD_012022"	"2"	"AS127"	"L2"	"C2"	82	NA	2	NA	"D"	11
"458"	263	"IRD_012022"	"2"	"AS132"	"L3"	"C2"	64	NA	2	NA	"D"	11
"459"	263	"IRD_012022"	"2"	"AS137"	"L4"	"C2"	85	NA	2	NA	"D"	11
"460"	263	"IRD_012022"	"2"	"AS147"	"T"	"C2"	43	NA	2	NA	"D"	11
"461"	287	"IRD_012022"	"1"	"AS102"	"L1"	"C2"	43	NA	2	NA	"D"	12
"462"	287	"IRD_012022"	"1"	"AS107"	"L2"	"C2"	64	NA	2	NA	"D"	12
"463"	287	"IRD_012022"	"1"	"AS112"	"L3"	"C2"	48	NA	2	NA	"D"	12
"464"	287	"IRD_012022"	"1"	"AS117"	"L4"	"C2"	NA	NA	2	NA	"ANC"	12
"465"	287	"IRD_012022"	"1"	"AS142"	"T"	"C2"	NA	NA	NA	NA	"ANC"	12
"466"	287	"IRD_012022"	"2"	"AS122"	"L1"	"C2"	NA	NA	NA	NA	NA	12
"467"	287	"IRD_012022"	"2"	"AS127"	"L2"	"C2"	92	NA	2	NA	"D"	12
"468"	287	"IRD_012022"	"2"	"AS132"	"L3"	"C2"	77	NA	2	NA	"D"	12
"469"	287	"IRD_012022"	"2"	"AS137"	"L4"	"C2"	98	NA	2	NA	"D"	12
"470"	287	"IRD_012022"	"2"	"AS147"	"T"	"C2"	44	NA	2	NA	"D"	12
"471"	313	"IRD_012022"	"1"	"AS102"	"L1"	"C2"	58	NA	2	1	"D"	13
"472"	313	"IRD_012022"	"1"	"AS107"	"L2"	"C2"	77	NA	2	1	"D"	13
"473"	313	"IRD_012022"	"1"	"AS112"	"L3"	"C2"	63	NA	2	1	"D"	13
"474"	313	"IRD_012022"	"1"	"AS117"	"L4"	"C2"	39	NA	2	1	"D"	13
"475"	313	"IRD_012022"	"1"	"AS142"	"T"	"C2"	NA	NA	NA	1	NA	13
"476"	313	"IRD_012022"	"2"	"AS122"	"L1"	"C2"	NA	NA	NA	1	NA	13
"477"	313	"IRD_012022"	"2"	"AS127"	"L2"	"C2"	103	NA	2	1	"D"	13
"478"	313	"IRD_012022"	"2"	"AS132"	"L3"	"C2"	92	NA	2	1	"D"	13
"479"	313	"IRD_012022"	"2"	"AS137"	"L4"	"C2"	113	NA	2	1	"D"	13
"480"	313	"IRD_012022"	"2"	"AS147"	"T"	"C2"	53	NA	2	1	"D"	13
"481"	335	"IRD_012022"	"1"	"AS102"	"L1"	"C2"	67	NA	2	1	"D"	14
"482"	335	"IRD_012022"	"1"	"AS107"	"L2"	"C2"	88	NA	2	1	"D"	14
"483"	335	"IRD_012022"	"1"	"AS112"	"L3"	"C2"	64	NA	2	1	"D"	14
"484"	335	"IRD_012022"	"1"	"AS117"	"L4"	"C2"	47	NA	2	1	"D"	14
"485"	335	"IRD_012022"	"1"	"AS142"	"T"	"C2"	NA	NA	NA	1	NA	14
"486"	335	"IRD_012022"	"2"	"AS122"	"L1"	"C2"	NA	NA	NA	1	NA	14
"487"	335	"IRD_012022"	"2"	"AS127"	"L2"	"C2"	78	NA	2	1	"D"	14
"488"	335	"IRD_012022"	"2"	"AS132"	"L3"	"C2"	98	NA	2	1	"D"	14
"489"	335	"IRD_012022"	"2"	"AS137"	"L4"	"C2"	98	NA	2	1	"D"	14
"490"	335	"IRD_012022"	"2"	"AS147"	"T"	"C2"	63	NA	2	1	"D"	14
"491"	407	"IRD_012022"	"1"	"AS102"	"L1"	"C2"	79	NA	2	1	"D"	17
"492"	407	"IRD_012022"	"1"	"AS107"	"L2"	"C2"	99	NA	2	1	"D"	17
"493"	407	"IRD_012022"	"1"	"AS112"	"L3"	"C2"	79	NA	2	1	"D"	17
"494"	407	"IRD_012022"	"1"	"AS117"	"L4"	"C2"	62	NA	2	1	"D"	17
"495"	407	"IRD_012022"	"1"	"AS142"	"T"	"C2"	NA	NA	NA	1	NA	17
"496"	407	"IRD_012022"	"2"	"AS122"	"L1"	"C2"	NA	NA	NA	1	NA	17
"497"	407	"IRD_012022"	"2"	"AS127"	"L2"	"C2"	93	NA	2	1	"D"	17
"498"	407	"IRD_012022"	"2"	"AS132"	"L3"	"C2"	96	NA	2	1	"D"	17
"499"	407	"IRD_012022"	"2"	"AS137"	"L4"	"C2"	117	NA	2	1	"D"	17
"500"	407	"IRD_012022"	"2"	"AS147"	"T"	"C2"	72	NA	2	1	"D"	17
"501"	431	"IRD_012022"	"1"	"AS102"	"L1"	"C2"	81	NA	2	1	"D"	18
"502"	431	"IRD_012022"	"1"	"AS107"	"L2"	"C2"	112	NA	2	1	"D"	18
"503"	431	"IRD_012022"	"1"	"AS112"	"L3"	"C2"	80	NA	2	1	"D"	18
"504"	431	"IRD_012022"	"1"	"AS117"	"L4"	"C2"	76	NA	2	1	"D"	18
"505"	431	"IRD_012022"	"1"	"AS142"	"T"	"C2"	NA	NA	NA	1	NA	18
"506"	431	"IRD_012022"	"2"	"AS122"	"L1"	"C2"	NA	NA	NA	1	NA	18
"507"	431	"IRD_012022"	"2"	"AS127"	"L2"	"C2"	93	NA	2	1	"D"	18
"508"	431	"IRD_012022"	"2"	"AS132"	"L3"	"C2"	104	NA	2	1	"D"	18
"509"	431	"IRD_012022"	"2"	"AS137"	"L4"	"C2"	126	NA	2	1	"D"	18
"510"	431	"IRD_012022"	"2"	"AS147"	"T"	"C2"	71	NA	2	1	"D"	18
"511"	456	"IRD_012022"	"1"	"AS102"	"L1"	"C2"	92	NA	2	1	"D"	19
"512"	456	"IRD_012022"	"1"	"AS107"	"L2"	"C2"	121	NA	2	1	"D"	19
"513"	456	"IRD_012022"	"1"	"AS112"	"L3"	"C2"	81	NA	2	3	"D"	19
"514"	456	"IRD_012022"	"1"	"AS117"	"L4"	"C2"	82	NA	2	3	"D"	19
"515"	456	"IRD_012022"	"1"	"AS142"	"T"	"C2"	NA	NA	NA	1	NA	19
"516"	456	"IRD_012022"	"2"	"AS122"	"L1"	"C2"	NA	NA	NA	1	NA	19
"517"	456	"IRD_012022"	"2"	"AS127"	"L2"	"C2"	52	NA	2	3	"D"	19
"518"	456	"IRD_012022"	"2"	"AS132"	"L3"	"C2"	122	NA	2	3	"D"	19
"519"	456	"IRD_012022"	"2"	"AS137"	"L4"	"C2"	134	NA	2	3	"D"	19
"520"	456	"IRD_012022"	"2"	"AS147"	"T"	"C2"	74	NA	2	1	"D"	19
"521"	479	"IRD_012022"	"1"	"AS102"	"L1"	"C2"	99	NA	2	1	"D"	20
"522"	479	"IRD_012022"	"1"	"AS107"	"L2"	"C2"	129	NA	2	1	"D"	20
"523"	479	"IRD_012022"	"1"	"AS112"	"L3"	"C2"	84	NA	2	3	"D"	20
"524"	479	"IRD_012022"	"1"	"AS117"	"L4"	"C2"	91	NA	2	3	"D"	20
"525"	479	"IRD_012022"	"1"	"AS142"	"T"	"C2"	NA	NA	NA	1	NA	20
"526"	479	"IRD_012022"	"2"	"AS122"	"L1"	"C2"	NA	NA	NA	1	NA	20
"527"	479	"IRD_012022"	"2"	"AS127"	"L2"	"C2"	55	NA	2	3	"D"	20
"528"	479	"IRD_012022"	"2"	"AS132"	"L3"	"C2"	116	NA	2	3	"D"	20
"529"	479	"IRD_012022"	"2"	"AS137"	"L4"	"C2"	136	NA	2	3	"D"	20
"530"	479	"IRD_012022"	"2"	"AS147"	"T"	"C2"	75	NA	2	1	"D"	20
"531"	503	"IRD_012022"	"1"	"AS102"	"L1"	"C2"	103	4	2	1	"D"	21
"532"	503	"IRD_012022"	"1"	"AS107"	"L2"	"C2"	133	4	2	1	"D"	21
"533"	503	"IRD_012022"	"1"	"AS112"	"L3"	"C2"	84	0	2	3	"D"	21
"534"	503	"IRD_012022"	"1"	"AS117"	"L4"	"C2"	99	4	2	3	"D"	21
"535"	503	"IRD_012022"	"1"	"AS142"	"T"	"C2"	NA	NA	NA	1	NA	21
"536"	503	"IRD_012022"	"2"	"AS122"	"L1"	"C2"	NA	NA	NA	1	NA	21
"537"	503	"IRD_012022"	"2"	"AS127"	"L2"	"C2"	55	4	2	3	"D"	21
"538"	503	"IRD_012022"	"2"	"AS132"	"L3"	"C2"	116	2	2	3	"D"	21
"539"	503	"IRD_012022"	"2"	"AS137"	"L4"	"C2"	138	6	2	3	"D"	21
"540"	503	"IRD_012022"	"2"	"AS147"	"T"	"C2"	75	2	2	1	"D"	21
"541"	575	"IRD_012022"	"1"	"AS102"	"L1"	"C2"	124	4	2	1	"D"	24
"542"	575	"IRD_012022"	"1"	"AS107"	"L2"	"C2"	151	4	2	1	"D"	24
"543"	575	"IRD_012022"	"1"	"AS112"	"L3"	"C2"	84	0	2	3	"D"	24
"544"	575	"IRD_012022"	"1"	"AS117"	"L4"	"C2"	116	4	2	3	"D"	24
"545"	575	"IRD_012022"	"1"	"AS142"	"T"	"C2"	NA	NA	NA	1	NA	24
"546"	575	"IRD_012022"	"2"	"AS122"	"L1"	"C2"	NA	NA	NA	1	NA	24
"547"	575	"IRD_012022"	"2"	"AS127"	"L2"	"C2"	59	4	2	3	"D"	24
"548"	575	"IRD_012022"	"2"	"AS132"	"L3"	"C2"	124	4	2	3	"D"	24
"549"	575	"IRD_012022"	"2"	"AS137"	"L4"	"C2"	148	6	2	3	"D"	24
"550"	575	"IRD_012022"	"2"	"AS147"	"T"	"C2"	35	2	2	1	"D"	24
"551"	599	"IRD_012022"	"1"	"AS102"	"L1"	"C2"	126	4	2	1	"D"	25
"552"	599	"IRD_012022"	"1"	"AS107"	"L2"	"C2"	153	4	2	1	"D"	25
"553"	599	"IRD_012022"	"1"	"AS112"	"L3"	"C2"	84	0	2	3	"D"	25
"554"	599	"IRD_012022"	"1"	"AS117"	"L4"	"C2"	119	4	2	3	"D"	25
"555"	599	"IRD_012022"	"1"	"AS142"	"T"	"C2"	NA	NA	NA	1	NA	25
"556"	599	"IRD_012022"	"2"	"AS122"	"L1"	"C2"	NA	NA	NA	1	NA	25
"557"	599	"IRD_012022"	"2"	"AS127"	"L2"	"C2"	61	4	2	3	"D"	25
"558"	599	"IRD_012022"	"2"	"AS132"	"L3"	"C2"	126	6	2	3	"D"	25
"559"	599	"IRD_012022"	"2"	"AS137"	"L4"	"C2"	148	6	2	3	"D"	25
"560"	599	"IRD_012022"	"2"	"AS147"	"T"	"C2"	34	2	2	1	"D"	25
"561"	623	"IRD_012022"	"1"	"AS102"	"L1"	"C2"	129	4	2	1	"D"	26
"562"	623	"IRD_012022"	"1"	"AS107"	"L2"	"C2"	160	4	2	1	"D"	26
"563"	623	"IRD_012022"	"1"	"AS112"	"L3"	"C2"	59	4	2	3	"D"	26
"564"	623	"IRD_012022"	"1"	"AS117"	"L4"	"C2"	124	6	2	3	"D"	26
"565"	623	"IRD_012022"	"1"	"AS142"	"T"	"C2"	NA	NA	NA	1	NA	26
"566"	623	"IRD_012022"	"2"	"AS122"	"L1"	"C2"	NA	NA	NA	1	NA	26
"567"	623	"IRD_012022"	"2"	"AS127"	"L2"	"C2"	62	4	2	3	"D"	26
"568"	623	"IRD_012022"	"2"	"AS132"	"L3"	"C2"	129	8	2	3	"D"	26
"569"	623	"IRD_012022"	"2"	"AS137"	"L4"	"C2"	149	6	2	3	"D"	26
"570"	623	"IRD_012022"	"2"	"AS147"	"T"	"C2"	41	4	2	1	"D"	26
"571"	671	"IRD_012022"	"1"	"AS102"	"L1"	"C2"	141	4	2	1	"D"	28
"572"	671	"IRD_012022"	"1"	"AS107"	"L2"	"C2"	172	6	2	1	"D"	28
"573"	671	"IRD_012022"	"1"	"AS112"	"L3"	"C2"	71	4	2	3	"D"	28
"574"	671	"IRD_012022"	"1"	"AS117"	"L4"	"C2"	134	8	2	3	"D"	28
"575"	671	"IRD_012022"	"1"	"AS142"	"T"	"C2"	NA	NA	NA	1	NA	28
"576"	671	"IRD_012022"	"2"	"AS122"	"L1"	"C2"	NA	NA	NA	1	NA	28
"577"	671	"IRD_012022"	"2"	"AS127"	"L2"	"C2"	72	4	2	3	"D"	28
"578"	671	"IRD_012022"	"2"	"AS132"	"L3"	"C2"	136	8	2	3	"D"	28
"579"	671	"IRD_012022"	"2"	"AS137"	"L4"	"C2"	151	6	2	3	"D"	28
"580"	671	"IRD_012022"	"2"	"AS147"	"T"	"C2"	46	4	2	1	"D"	28
"581"	743	"IRD_012022"	"1"	"AS102"	"L1"	"C2"	158	6	2	1	"D"	31
"582"	743	"IRD_012022"	"1"	"AS107"	"L2"	"C2"	194	6	2	1	"D"	31
"583"	743	"IRD_012022"	"1"	"AS112"	"L3"	"C2"	86	4	2	3	"D"	31
"584"	743	"IRD_012022"	"1"	"AS117"	"L4"	"C2"	144	10	2	3	"D"	31
"585"	743	"IRD_012022"	"1"	"AS142"	"T"	"C2"	NA	NA	NA	1	NA	31
"586"	743	"IRD_012022"	"2"	"AS122"	"L1"	"C2"	NA	NA	NA	1	NA	31
"587"	743	"IRD_012022"	"2"	"AS127"	"L2"	"C2"	69	4	2	3	"D"	31
"588"	743	"IRD_012022"	"2"	"AS132"	"L3"	"C2"	141	8	2	3	"D"	31
"589"	743	"IRD_012022"	"2"	"AS137"	"L4"	"C2"	161	6	2	3	"D"	31
"590"	743	"IRD_012022"	"2"	"AS147"	"T"	"C2"	51	4	2	1	"D"	31
"591"	767	"IRD_012022"	"1"	"AS102"	"L1"	"C2"	165	6	2	1	"D"	32
"592"	767	"IRD_012022"	"1"	"AS107"	"L2"	"C2"	199	6	2	1	"D"	32
"593"	767	"IRD_012022"	"1"	"AS112"	"L3"	"C2"	91	4	2	3	"D"	32
"594"	767	"IRD_012022"	"1"	"AS117"	"L4"	"C2"	149	10	2	3	"D"	32
"595"	767	"IRD_012022"	"1"	"AS142"	"T"	"C2"	NA	NA	NA	1	NA	32
"596"	767	"IRD_012022"	"2"	"AS122"	"L1"	"C2"	NA	NA	NA	1	NA	32
"597"	767	"IRD_012022"	"2"	"AS127"	"L2"	"C2"	69	4	2	3	"D"	32
"598"	767	"IRD_012022"	"2"	"AS132"	"L3"	"C2"	148	8	1	3	"D"	32
"599"	767	"IRD_012022"	"2"	"AS137"	"L4"	"C2"	159	6	1	3	"D"	32
"600"	767	"IRD_012022"	"2"	"AS147"	"T"	"C2"	79	6	2	1	"D"	32
"601"	836	"IRD_012022"	"1"	"AS102"	"L1"	"C2"	180	6	2	1	"D"	35
"602"	836	"IRD_012022"	"1"	"AS107"	"L2"	"C2"	216	6	2	1	"D"	35
"603"	836	"IRD_012022"	"1"	"AS112"	"L3"	"C2"	105	8	2	3	"D"	35
"604"	836	"IRD_012022"	"1"	"AS117"	"L4"	"C2"	166	10	2	3	"D"	35
"605"	836	"IRD_012022"	"1"	"AS142"	"T"	"C2"	NA	NA	NA	1	NA	35
"606"	836	"IRD_012022"	"2"	"AS122"	"L1"	"C2"	NA	NA	NA	1	NA	35
"607"	836	"IRD_012022"	"2"	"AS127"	"L2"	"C2"	76	4	0	3	"D"	35
"608"	836	"IRD_012022"	"2"	"AS132"	"L3"	"C2"	160	8	1	3	"D"	35
"609"	836	"IRD_012022"	"2"	"AS137"	"L4"	"C2"	166	6	0	3	"D"	35
"610"	836	"IRD_012022"	"2"	"AS147"	"T"	"C2"	81	6	2	1	"D"	35
"611"	911	"IRD_012022"	"1"	"AS102"	"L1"	"C2"	195	8	1	1	"D"	38
"612"	911	"IRD_012022"	"1"	"AS107"	"L2"	"C2"	236	6	2	1	"D"	38
"613"	911	"IRD_012022"	"1"	"AS112"	"L3"	"C2"	115	8	2	3	"D"	38
"614"	911	"IRD_012022"	"1"	"AS117"	"L4"	"C2"	184	10	2	3	"D"	38
"615"	911	"IRD_012022"	"1"	"AS142"	"T"	"C2"	NA	NA	NA	1	NA	38
"616"	911	"IRD_012022"	"2"	"AS122"	"L1"	"C2"	NA	NA	NA	1	NA	38
"617"	911	"IRD_012022"	"2"	"AS127"	"L2"	"C2"	82	6	0	3	"D"	38
"618"	911	"IRD_012022"	"2"	"AS132"	"L3"	"C2"	171	8	0	3	"D"	38
"619"	911	"IRD_012022"	"2"	"AS137"	"L4"	"C2"	177	8	0	3	"D"	38
"620"	911	"IRD_012022"	"2"	"AS147"	"T"	"C2"	82	6	2	1	"D"	38
"621"	0	"IRD_012022"	"1"	"AS103"	"L1"	"C3"	0	NA	2	NA	"TE"	0
"622"	0	"IRD_012022"	"1"	"AS108"	"L2"	"C3"	0	NA	2	NA	"TE"	0
"623"	0	"IRD_012022"	"1"	"AS113"	"L3"	"C3"	0	NA	2	NA	"TE"	0
"624"	0	"IRD_012022"	"1"	"AS118"	"L4"	"C3"	0	NA	2	NA	"TE"	0
"625"	0	"IRD_012022"	"1"	"AS143"	"T"	"C3"	0	NA	2	NA	"TE"	0
"626"	0	"IRD_012022"	"2"	"AS123"	"L1"	"C3"	0	NA	2	NA	"AR"	0
"627"	0	"IRD_012022"	"2"	"AS128"	"L2"	"C3"	0	NA	2	NA	"AR"	0
"628"	0	"IRD_012022"	"2"	"AS133"	"L3"	"C3"	0	NA	2	NA	"AR"	0
"629"	0	"IRD_012022"	"2"	"AS138"	"L4"	"C3"	0	NA	2	NA	"AR"	0
"630"	0	"IRD_012022"	"2"	"AS148"	"T"	"C3"	0	NA	2	NA	"AR"	0
"631"	19	"IRD_012022"	"1"	"AS103"	"L1"	"C3"	NA	NA	2	NA	"ST"	1
"632"	19	"IRD_012022"	"1"	"AS108"	"L2"	"C3"	NA	NA	2	NA	"TE"	1
"633"	19	"IRD_012022"	"1"	"AS113"	"L3"	"C3"	NA	NA	2	NA	"ST"	1
"634"	19	"IRD_012022"	"1"	"AS118"	"L4"	"C3"	NA	NA	2	NA	"TE"	1
"635"	19	"IRD_012022"	"1"	"AS143"	"T"	"C3"	NA	NA	2	NA	"TE"	1
"636"	24	"IRD_012022"	"1"	"AS123"	"L1"	"C3"	NA	NA	2	NA	"ST"	1
"637"	24	"IRD_012022"	"1"	"AS128"	"L2"	"C3"	NA	NA	2	NA	"TE"	1
"638"	24	"IRD_012022"	"1"	"AS133"	"L3"	"C3"	NA	NA	2	NA	"ST"	1
"639"	24	"IRD_012022"	"1"	"AS138"	"L4"	"C3"	NA	NA	2	NA	"TE"	1
"640"	24	"IRD_012022"	"1"	"AS148"	"T"	"C3"	NA	NA	2	NA	"TE"	1
"641"	41	"IRD_012022"	"1"	"AS103"	"L1"	"C3"	NA	NA	2	NA	"ST"	2
"642"	41	"IRD_012022"	"1"	"AS108"	"L2"	"C3"	NA	NA	2	NA	"TE"	2
"643"	41	"IRD_012022"	"1"	"AS113"	"L3"	"C3"	NA	NA	2	NA	"ST"	2
"644"	41	"IRD_012022"	"1"	"AS118"	"L4"	"C3"	NA	NA	2	NA	"OT"	2
"645"	41	"IRD_012022"	"1"	"AS143"	"T"	"C3"	NA	NA	2	NA	"ST"	2
"646"	48	"IRD_012022"	"1"	"AS123"	"L1"	"C3"	NA	NA	2	NA	"AR"	2
"647"	48	"IRD_012022"	"1"	"AS128"	"L2"	"C3"	NA	NA	2	NA	"TE"	2
"648"	48	"IRD_012022"	"1"	"AS133"	"L3"	"C3"	NA	NA	2	NA	"ST"	2
"649"	48	"IRD_012022"	"1"	"AS138"	"L4"	"C3"	NA	NA	2	NA	"OT"	2
"650"	48	"IRD_012022"	"1"	"AS148"	"T"	"C3"	NA	NA	2	NA	"ST"	2
"651"	69	"IRD_012022"	"1"	"AS103"	"L1"	"C3"	NA	NA	2	NA	"ST"	3
"652"	69	"IRD_012022"	"1"	"AS108"	"L2"	"C3"	NA	NA	2	NA	"AR"	3
"653"	69	"IRD_012022"	"1"	"AS113"	"L3"	"C3"	NA	NA	2	NA	"ANC"	3
"654"	69	"IRD_012022"	"1"	"AS118"	"L4"	"C3"	NA	NA	2	NA	"OT"	3
"655"	69	"IRD_012022"	"1"	"AS143"	"T"	"C3"	NA	NA	2	NA	"OT"	3
"656"	72	"IRD_012022"	"1"	"AS123"	"L1"	"C3"	NA	NA	2	NA	"OT"	3
"657"	72	"IRD_012022"	"1"	"AS128"	"L2"	"C3"	NA	NA	2	NA	"AR"	3
"658"	72	"IRD_012022"	"1"	"AS133"	"L3"	"C3"	NA	NA	2	NA	"ANC"	3
"659"	72	"IRD_012022"	"1"	"AS138"	"L4"	"C3"	NA	NA	2	NA	"OT"	3
"660"	72	"IRD_012022"	"1"	"AS148"	"T"	"C3"	NA	NA	2	NA	"AR"	3
"661"	89	"IRD_012022"	"1"	"AS103"	"L1"	"C3"	NA	NA	2	NA	"ANC"	4
"662"	89	"IRD_012022"	"1"	"AS108"	"L2"	"C3"	NA	NA	2	NA	"ANC"	4
"663"	89	"IRD_012022"	"1"	"AS113"	"L3"	"C3"	NA	NA	2	NA	"ANC"	4
"664"	89	"IRD_012022"	"1"	"AS118"	"L4"	"C3"	NA	NA	2	NA	"OT"	4
"665"	89	"IRD_012022"	"1"	"AS143"	"T"	"C3"	NA	NA	2	NA	"ANC"	4
"666"	96	"IRD_012022"	"1"	"AS123"	"L1"	"C3"	NA	NA	2	NA	"ANC"	4
"667"	96	"IRD_012022"	"1"	"AS128"	"L2"	"C3"	NA	NA	2	NA	"ANC"	4
"668"	96	"IRD_012022"	"1"	"AS133"	"L3"	"C3"	NA	NA	2	NA	"ANC"	4
"669"	96	"IRD_012022"	"1"	"AS138"	"L4"	"C3"	NA	NA	2	NA	"OT"	4
"670"	96	"IRD_012022"	"1"	"AS148"	"T"	"C3"	NA	NA	2	NA	"ANC"	4
"671"	118	"IRD_012022"	"1"	"AS103"	"L1"	"C3"	NA	NA	2	NA	"ANC"	5
"672"	118	"IRD_012022"	"1"	"AS108"	"L2"	"C3"	NA	NA	2	NA	"ANC"	5
"673"	118	"IRD_012022"	"1"	"AS113"	"L3"	"C3"	NA	NA	2	NA	"ANC"	5
"674"	118	"IRD_012022"	"1"	"AS118"	"L4"	"C3"	NA	NA	2	NA	"ST"	5
"675"	118	"IRD_012022"	"1"	"AS143"	"T"	"C3"	NA	NA	2	NA	"ANC"	5
"676"	142	"IRD_012022"	"1"	"AS123"	"L1"	"C3"	NA	NA	2	NA	"ANC"	6
"677"	142	"IRD_012022"	"1"	"AS128"	"L2"	"C3"	NA	NA	2	NA	"ANC"	6
"678"	142	"IRD_012022"	"1"	"AS133"	"L3"	"C3"	NA	NA	2	NA	"ANC"	6
"679"	142	"IRD_012022"	"1"	"AS138"	"L4"	"C3"	NA	NA	2	NA	"ST"	6
"680"	142	"IRD_012022"	"1"	"AS148"	"T"	"C3"	NA	NA	2	NA	"ANC"	6
"681"	168	"IRD_012022"	"1"	"AS103"	"L1"	"C3"	NA	NA	2	NA	"D"	7
"682"	168	"IRD_012022"	"1"	"AS108"	"L2"	"C3"	NA	NA	2	NA	"ANC"	7
"683"	168	"IRD_012022"	"1"	"AS113"	"L3"	"C3"	NA	NA	2	NA	"ANC"	7
"684"	168	"IRD_012022"	"1"	"AS118"	"L4"	"C3"	NA	NA	2	NA	"ST"	7
"685"	168	"IRD_012022"	"1"	"AS143"	"T"	"C3"	NA	NA	2	NA	"ANC"	7
"686"	232	"IRD_012022"	"1"	"AS123"	"L1"	"C3"	NA	NA	2	NA	"D"	10
"687"	232	"IRD_012022"	"1"	"AS128"	"L2"	"C3"	NA	NA	2	NA	"D"	10
"688"	232	"IRD_012022"	"1"	"AS133"	"L3"	"C3"	NA	NA	2	NA	"D"	10
"689"	232	"IRD_012022"	"1"	"AS138"	"L4"	"C3"	NA	NA	2	NA	"ST"	10
"690"	232	"IRD_012022"	"1"	"AS148"	"T"	"C3"	NA	NA	2	NA	"D"	10
"691"	19	"IRD_012022"	"2"	"AS103"	"L1"	"C3"	NA	NA	2	NA	"ANC"	1
"692"	19	"IRD_012022"	"2"	"AS108"	"L2"	"C3"	NA	NA	2	NA	"AR"	1
"693"	19	"IRD_012022"	"2"	"AS113"	"L3"	"C3"	NA	NA	2	NA	"AR"	1
"694"	19	"IRD_012022"	"2"	"AS118"	"L4"	"C3"	NA	NA	2	NA	"ANC"	1
"695"	19	"IRD_012022"	"2"	"AS143"	"T"	"C3"	NA	NA	2	NA	"AR"	1
"696"	24	"IRD_012022"	"2"	"AS123"	"L1"	"C3"	NA	NA	2	NA	"ANC"	1
"697"	24	"IRD_012022"	"2"	"AS128"	"L2"	"C3"	NA	NA	2	NA	"ANC"	1
"698"	24	"IRD_012022"	"2"	"AS133"	"L3"	"C3"	NA	NA	2	NA	"ANC"	1
"699"	24	"IRD_012022"	"2"	"AS138"	"L4"	"C3"	NA	NA	2	NA	"ANC"	1
"700"	24	"IRD_012022"	"2"	"AS148"	"T"	"C3"	NA	NA	2	NA	"AR"	1
"701"	41	"IRD_012022"	"2"	"AS103"	"L1"	"C3"	NA	NA	2	NA	"ANC"	2
"702"	41	"IRD_012022"	"2"	"AS108"	"L2"	"C3"	NA	NA	2	NA	"ANC"	2
"703"	41	"IRD_012022"	"2"	"AS113"	"L3"	"C3"	NA	NA	2	NA	"ANC"	2
"704"	41	"IRD_012022"	"2"	"AS118"	"L4"	"C3"	NA	NA	2	NA	"ANC"	2
"705"	41	"IRD_012022"	"2"	"AS143"	"T"	"C3"	NA	NA	2	NA	"ANC"	2
"706"	48	"IRD_012022"	"2"	"AS123"	"L1"	"C3"	NA	NA	2	NA	"ANC"	2
"707"	48	"IRD_012022"	"2"	"AS128"	"L2"	"C3"	NA	NA	2	NA	"ANC"	2
"708"	48	"IRD_012022"	"2"	"AS133"	"L3"	"C3"	NA	NA	2	NA	"ANC"	2
"709"	48	"IRD_012022"	"2"	"AS138"	"L4"	"C3"	NA	NA	2	NA	"ANC"	2
"710"	48	"IRD_012022"	"2"	"AS148"	"T"	"C3"	NA	NA	2	NA	"ANC"	2
"711"	69	"IRD_012022"	"2"	"AS103"	"L1"	"C3"	NA	NA	2	NA	"ANC"	3
"712"	69	"IRD_012022"	"2"	"AS108"	"L2"	"C3"	NA	NA	2	NA	"ANC"	3
"713"	69	"IRD_012022"	"2"	"AS113"	"L3"	"C3"	NA	NA	2	NA	"ANC"	3
"714"	69	"IRD_012022"	"2"	"AS118"	"L4"	"C3"	NA	NA	2	NA	"ANC"	3
"715"	69	"IRD_012022"	"2"	"AS143"	"T"	"C3"	NA	NA	2	NA	"ANC"	3
"716"	72	"IRD_012022"	"2"	"AS123"	"L1"	"C3"	NA	NA	2	NA	"ANC"	3
"717"	72	"IRD_012022"	"2"	"AS128"	"L2"	"C3"	NA	NA	2	NA	"ANC"	3
"718"	72	"IRD_012022"	"2"	"AS133"	"L3"	"C3"	NA	NA	2	NA	"ANC"	3
"719"	72	"IRD_012022"	"2"	"AS138"	"L4"	"C3"	NA	NA	2	NA	"ANC"	3
"720"	72	"IRD_012022"	"2"	"AS148"	"T"	"C3"	NA	NA	2	NA	"ANC"	3
"721"	89	"IRD_012022"	"2"	"AS103"	"L1"	"C3"	NA	NA	2	NA	"ANC"	4
"722"	89	"IRD_012022"	"2"	"AS108"	"L2"	"C3"	NA	NA	2	NA	"ANC"	4
"723"	89	"IRD_012022"	"2"	"AS113"	"L3"	"C3"	NA	NA	2	NA	"ANC"	4
"724"	89	"IRD_012022"	"2"	"AS118"	"L4"	"C3"	NA	NA	2	NA	"D"	4
"725"	89	"IRD_012022"	"2"	"AS143"	"T"	"C3"	NA	NA	2	NA	"ANC"	4
"726"	96	"IRD_012022"	"2"	"AS123"	"L1"	"C3"	NA	NA	2	NA	"ANC"	4
"727"	96	"IRD_012022"	"2"	"AS128"	"L2"	"C3"	NA	NA	2	NA	"ANC"	4
"728"	96	"IRD_012022"	"2"	"AS133"	"L3"	"C3"	NA	NA	2	NA	"ANC"	4
"729"	96	"IRD_012022"	"2"	"AS138"	"L4"	"C3"	NA	NA	2	NA	"D"	4
"730"	96	"IRD_012022"	"2"	"AS148"	"T"	"C3"	NA	NA	2	NA	"ANC"	4
"731"	118	"IRD_012022"	"2"	"AS103"	"L1"	"C3"	NA	NA	2	NA	"D"	5
"732"	118	"IRD_012022"	"2"	"AS108"	"L2"	"C3"	NA	NA	2	NA	"ANC"	5
"733"	118	"IRD_012022"	"2"	"AS113"	"L3"	"C3"	NA	NA	2	NA	"D"	5
"734"	118	"IRD_012022"	"2"	"AS118"	"L4"	"C3"	NA	NA	2	NA	"D"	5
"735"	118	"IRD_012022"	"2"	"AS143"	"T"	"C3"	NA	NA	2	NA	"ANC"	5
"736"	142	"IRD_012022"	"2"	"AS123"	"L1"	"C3"	NA	NA	2	NA	"D"	6
"737"	142	"IRD_012022"	"2"	"AS128"	"L2"	"C3"	NA	NA	2	NA	"D"	6
"738"	142	"IRD_012022"	"2"	"AS133"	"L3"	"C3"	NA	NA	2	NA	"D"	6
"739"	142	"IRD_012022"	"2"	"AS138"	"L4"	"C3"	NA	NA	2	NA	"D"	6
"740"	142	"IRD_012022"	"2"	"AS148"	"T"	"C3"	NA	NA	2	NA	"D"	6
"741"	168	"IRD_012022"	"2"	"AS103"	"L1"	"C3"	NA	NA	2	NA	"D"	7
"742"	168	"IRD_012022"	"2"	"AS108"	"L2"	"C3"	NA	NA	2	NA	"D"	7
"743"	168	"IRD_012022"	"2"	"AS113"	"L3"	"C3"	NA	NA	2	NA	"D"	7
"744"	168	"IRD_012022"	"2"	"AS118"	"L4"	"C3"	NA	NA	2	NA	"D"	7
"745"	168	"IRD_012022"	"2"	"AS143"	"T"	"C3"	NA	NA	2	NA	"D"	7
"746"	232	"IRD_012022"	"2"	"AS123"	"L1"	"C3"	NA	NA	2	NA	"D"	10
"747"	232	"IRD_012022"	"2"	"AS128"	"L2"	"C3"	NA	NA	2	NA	"D"	10
"748"	232	"IRD_012022"	"2"	"AS133"	"L3"	"C3"	NA	NA	2	NA	"D"	10
"749"	232	"IRD_012022"	"2"	"AS138"	"L4"	"C3"	NA	NA	2	NA	"D"	10
"750"	232	"IRD_012022"	"2"	"AS148"	"T"	"C3"	NA	NA	2	NA	"D"	10
"751"	239	"IRD_012022"	"1"	"AS103"	"L1"	"C3"	48	NA	2	NA	"D"	10
"752"	239	"IRD_012022"	"1"	"AS108"	"L2"	"C3"	43	NA	2	NA	"D"	10
"753"	239	"IRD_012022"	"1"	"AS113"	"L3"	"C3"	63	NA	2	NA	"D"	10
"754"	239	"IRD_012022"	"1"	"AS118"	"L4"	"C3"	NA	NA	2	NA	"ANC"	10
"755"	239	"IRD_012022"	"1"	"AS143"	"T"	"C3"	NA	NA	2	NA	"ANC"	10
"756"	239	"IRD_012022"	"2"	"AS123"	"L1"	"C3"	83	NA	2	NA	"D"	10
"757"	239	"IRD_012022"	"2"	"AS128"	"L2"	"C3"	53	NA	2	NA	"D"	10
"758"	239	"IRD_012022"	"2"	"AS133"	"L3"	"C3"	58	NA	2	NA	"D"	10
"759"	239	"IRD_012022"	"2"	"AS138"	"L4"	"C3"	73	NA	2	NA	"D"	10
"760"	239	"IRD_012022"	"2"	"AS148"	"T"	"C3"	68	NA	2	NA	"D"	10
"761"	263	"IRD_012022"	"1"	"AS103"	"L1"	"C3"	63	NA	2	NA	"D"	11
"762"	263	"IRD_012022"	"1"	"AS108"	"L2"	"C3"	43	NA	2	NA	"D"	11
"763"	263	"IRD_012022"	"1"	"AS113"	"L3"	"C3"	78	NA	2	NA	"D"	11
"764"	263	"IRD_012022"	"1"	"AS118"	"L4"	"C3"	NA	NA	2	NA	"ANC"	11
"765"	263	"IRD_012022"	"1"	"AS143"	"T"	"C3"	NA	NA	2	NA	"ANC"	11
"766"	263	"IRD_012022"	"2"	"AS123"	"L1"	"C3"	100	NA	2	NA	"D"	11
"767"	263	"IRD_012022"	"2"	"AS128"	"L2"	"C3"	63	NA	2	NA	"D"	11
"768"	263	"IRD_012022"	"2"	"AS133"	"L3"	"C3"	75	NA	2	NA	"D"	11
"769"	263	"IRD_012022"	"2"	"AS138"	"L4"	"C3"	88	NA	2	NA	"D"	11
"770"	263	"IRD_012022"	"2"	"AS148"	"T"	"C3"	83	NA	2	NA	"D"	11
"771"	287	"IRD_012022"	"1"	"AS103"	"L1"	"C3"	78	NA	2	NA	"D"	12
"772"	287	"IRD_012022"	"1"	"AS108"	"L2"	"C3"	53	NA	2	NA	"D"	12
"773"	287	"IRD_012022"	"1"	"AS113"	"L3"	"C3"	87	NA	2	NA	"D"	12
"774"	287	"IRD_012022"	"1"	"AS118"	"L4"	"C3"	NA	NA	2	NA	"ANC"	12
"775"	287	"IRD_012022"	"1"	"AS143"	"T"	"C3"	NA	NA	2	NA	"ANC"	12
"776"	287	"IRD_012022"	"2"	"AS123"	"L1"	"C3"	123	NA	2	NA	"D"	12
"777"	287	"IRD_012022"	"2"	"AS128"	"L2"	"C3"	68	NA	2	NA	"D"	12
"778"	287	"IRD_012022"	"2"	"AS133"	"L3"	"C3"	83	NA	2	NA	"D"	12
"779"	287	"IRD_012022"	"2"	"AS138"	"L4"	"C3"	99	NA	2	NA	"D"	12
"780"	287	"IRD_012022"	"2"	"AS148"	"T"	"C3"	98	NA	2	NA	"D"	12
"781"	313	"IRD_012022"	"1"	"AS103"	"L1"	"C3"	87	NA	2	1	"D"	13
"782"	313	"IRD_012022"	"1"	"AS108"	"L2"	"C3"	59	NA	2	1	"D"	13
"783"	313	"IRD_012022"	"1"	"AS113"	"L3"	"C3"	103	NA	2	1	"D"	13
"784"	313	"IRD_012022"	"1"	"AS118"	"L4"	"C3"	38	NA	2	1	"D"	13
"785"	313	"IRD_012022"	"1"	"AS143"	"T"	"C3"	48	NA	2	1	"D"	13
"786"	313	"IRD_012022"	"2"	"AS123"	"L1"	"C3"	133	NA	2	1	"D"	13
"787"	313	"IRD_012022"	"2"	"AS128"	"L2"	"C3"	78	NA	2	1	"D"	13
"788"	313	"IRD_012022"	"2"	"AS133"	"L3"	"C3"	97	NA	2	1	"D"	13
"789"	313	"IRD_012022"	"2"	"AS138"	"L4"	"C3"	110	NA	2	1	"D"	13
"790"	313	"IRD_012022"	"2"	"AS148"	"T"	"C3"	112	NA	2	1	"D"	13
"791"	335	"IRD_012022"	"1"	"AS103"	"L1"	"C3"	99	NA	2	1	"D"	14
"792"	335	"IRD_012022"	"1"	"AS108"	"L2"	"C3"	69	NA	2	1	"D"	14
"793"	335	"IRD_012022"	"1"	"AS113"	"L3"	"C3"	108	NA	2	1	"D"	14
"794"	335	"IRD_012022"	"1"	"AS118"	"L4"	"C3"	43	NA	2	1	"D"	14
"795"	335	"IRD_012022"	"1"	"AS143"	"T"	"C3"	56	NA	2	1	"D"	14
"796"	335	"IRD_012022"	"2"	"AS123"	"L1"	"C3"	103	NA	2	1	"D"	14
"797"	335	"IRD_012022"	"2"	"AS128"	"L2"	"C3"	63	NA	2	1	"D"	14
"798"	335	"IRD_012022"	"2"	"AS133"	"L3"	"C3"	69	NA	2	1	"D"	14
"799"	335	"IRD_012022"	"2"	"AS138"	"L4"	"C3"	88	NA	2	1	"D"	14
"800"	335	"IRD_012022"	"2"	"AS148"	"T"	"C3"	116	NA	2	1	"D"	14
"801"	407	"IRD_012022"	"1"	"AS103"	"L1"	"C3"	106	NA	2	1	"D"	17
"802"	407	"IRD_012022"	"1"	"AS108"	"L2"	"C3"	86	NA	2	1	"D"	17
"803"	407	"IRD_012022"	"1"	"AS113"	"L3"	"C3"	119	NA	2	1	"D"	17
"804"	407	"IRD_012022"	"1"	"AS118"	"L4"	"C3"	52	NA	2	1	"D"	17
"805"	407	"IRD_012022"	"1"	"AS143"	"T"	"C3"	82	NA	2	1	"D"	17
"806"	407	"IRD_012022"	"2"	"AS123"	"L1"	"C3"	110	NA	2	1	"D"	17
"807"	407	"IRD_012022"	"2"	"AS128"	"L2"	"C3"	90	NA	2	1	"D"	17
"808"	407	"IRD_012022"	"2"	"AS133"	"L3"	"C3"	92	NA	2	1	"D"	17
"809"	407	"IRD_012022"	"2"	"AS138"	"L4"	"C3"	104	NA	2	1	"D"	17
"810"	407	"IRD_012022"	"2"	"AS148"	"T"	"C3"	102	NA	2	1	"D"	17
"811"	431	"IRD_012022"	"1"	"AS103"	"L1"	"C3"	112	NA	2	1	"D"	18
"812"	431	"IRD_012022"	"1"	"AS108"	"L2"	"C3"	52	NA	2	1	"D"	18
"813"	431	"IRD_012022"	"1"	"AS113"	"L3"	"C3"	126	NA	2	1	"D"	18
"814"	431	"IRD_012022"	"1"	"AS118"	"L4"	"C3"	91	NA	2	1	"D"	18
"815"	431	"IRD_012022"	"1"	"AS143"	"T"	"C3"	92	NA	2	1	"D"	18
"816"	431	"IRD_012022"	"2"	"AS123"	"L1"	"C3"	70	NA	2	1	"D"	18
"817"	431	"IRD_012022"	"2"	"AS128"	"L2"	"C3"	92	NA	2	1	"D"	18
"818"	431	"IRD_012022"	"2"	"AS133"	"L3"	"C3"	96	NA	2	1	"D"	18
"819"	431	"IRD_012022"	"2"	"AS138"	"L4"	"C3"	104	NA	2	1	"D"	18
"820"	431	"IRD_012022"	"2"	"AS148"	"T"	"C3"	102	NA	2	1	"D"	18
"821"	456	"IRD_012022"	"1"	"AS103"	"L1"	"C3"	122	NA	2	1	"D"	19
"822"	456	"IRD_012022"	"1"	"AS108"	"L2"	"C3"	105	NA	2	3	"D"	19
"823"	456	"IRD_012022"	"1"	"AS113"	"L3"	"C3"	134	NA	2	1	"D"	19
"824"	456	"IRD_012022"	"1"	"AS118"	"L4"	"C3"	64	NA	2	1	"D"	19
"825"	456	"IRD_012022"	"1"	"AS143"	"T"	"C3"	92	NA	2	1	"D"	19
"826"	456	"IRD_012022"	"2"	"AS123"	"L1"	"C3"	76	NA	2	3	"D"	19
"827"	456	"IRD_012022"	"2"	"AS128"	"L2"	"C3"	95	NA	2	3	"D"	19
"828"	456	"IRD_012022"	"2"	"AS133"	"L3"	"C3"	101	NA	2	1	"D"	19
"829"	456	"IRD_012022"	"2"	"AS138"	"L4"	"C3"	107	NA	2	1	"D"	19
"830"	456	"IRD_012022"	"2"	"AS148"	"T"	"C3"	50	NA	2	3	"D"	19
"831"	479	"IRD_012022"	"1"	"AS103"	"L1"	"C3"	135	NA	2	1	"D"	20
"832"	479	"IRD_012022"	"1"	"AS108"	"L2"	"C3"	105	NA	2	3	"D"	20
"833"	479	"IRD_012022"	"1"	"AS113"	"L3"	"C3"	138	NA	2	1	"D"	20
"834"	479	"IRD_012022"	"1"	"AS118"	"L4"	"C3"	66	NA	2	1	"D"	20
"835"	479	"IRD_012022"	"1"	"AS143"	"T"	"C3"	101	NA	2	1	"D"	20
"836"	479	"IRD_012022"	"2"	"AS123"	"L1"	"C3"	75	NA	2	3	"D"	20
"837"	479	"IRD_012022"	"2"	"AS128"	"L2"	"C3"	100	NA	2	3	"D"	20
"838"	479	"IRD_012022"	"2"	"AS133"	"L3"	"C3"	106	NA	2	1	"D"	20
"839"	479	"IRD_012022"	"2"	"AS138"	"L4"	"C3"	108	NA	2	1	"D"	20
"840"	479	"IRD_012022"	"2"	"AS148"	"T"	"C3"	52	NA	2	3	"D"	20
"841"	503	"IRD_012022"	"1"	"AS103"	"L1"	"C3"	142	4	2	1	"D"	21
"842"	503	"IRD_012022"	"1"	"AS108"	"L2"	"C3"	109	6	2	3	"D"	21
"843"	503	"IRD_012022"	"1"	"AS113"	"L3"	"C3"	144	4	2	1	"D"	21
"844"	503	"IRD_012022"	"1"	"AS118"	"L4"	"C3"	72	2	2	1	"D"	21
"845"	503	"IRD_012022"	"1"	"AS143"	"T"	"C3"	106	4	2	1	"D"	21
"846"	503	"IRD_012022"	"2"	"AS123"	"L1"	"C3"	79	2	2	3	"D"	21
"847"	503	"IRD_012022"	"2"	"AS128"	"L2"	"C3"	101	4	2	3	"D"	21
"848"	503	"IRD_012022"	"2"	"AS133"	"L3"	"C3"	109	2	2	1	"D"	21
"849"	503	"IRD_012022"	"2"	"AS138"	"L4"	"C3"	110	2	2	1	"D"	21
"850"	503	"IRD_012022"	"2"	"AS148"	"T"	"C3"	52	3	2	3	"D"	21
"851"	575	"IRD_012022"	"1"	"AS103"	"L1"	"C3"	156	4	2	1	"D"	24
"852"	575	"IRD_012022"	"1"	"AS108"	"L2"	"C3"	121	6	2	3	"D"	24
"853"	575	"IRD_012022"	"1"	"AS113"	"L3"	"C3"	161	4	2	1	"D"	24
"854"	575	"IRD_012022"	"1"	"AS118"	"L4"	"C3"	89	2	2	1	"D"	24
"855"	575	"IRD_012022"	"1"	"AS143"	"T"	"C3"	121	4	2	1	"D"	24
"856"	575	"IRD_012022"	"2"	"AS123"	"L1"	"C3"	88	2	2	3	"D"	24
"857"	575	"IRD_012022"	"2"	"AS128"	"L2"	"C3"	111	4	2	3	"D"	24
"858"	575	"IRD_012022"	"2"	"AS133"	"L3"	"C3"	114	4	2	1	"D"	24
"859"	575	"IRD_012022"	"2"	"AS138"	"L4"	"C3"	114	2	2	1	"D"	24
"860"	575	"IRD_012022"	"2"	"AS148"	"T"	"C3"	56	3	2	3	"D"	24
"861"	599	"IRD_012022"	"1"	"AS103"	"L1"	"C3"	163	3	2	1	"D"	25
"862"	599	"IRD_012022"	"1"	"AS108"	"L2"	"C3"	122	6	2	3	"D"	25
"863"	599	"IRD_012022"	"1"	"AS113"	"L3"	"C3"	163	4	2	1	"D"	25
"864"	599	"IRD_012022"	"1"	"AS118"	"L4"	"C3"	90	2	2	1	"D"	25
"865"	599	"IRD_012022"	"1"	"AS143"	"T"	"C3"	126	4	2	1	"D"	25
"866"	599	"IRD_012022"	"2"	"AS123"	"L1"	"C3"	90	4	2	3	"D"	25
"867"	599	"IRD_012022"	"2"	"AS128"	"L2"	"C3"	114	4	2	3	"D"	25
"868"	599	"IRD_012022"	"2"	"AS133"	"L3"	"C3"	115	6	2	1	"D"	25
"869"	599	"IRD_012022"	"2"	"AS138"	"L4"	"C3"	114	4	2	1	"D"	25
"870"	599	"IRD_012022"	"2"	"AS148"	"T"	"C3"	59	3	2	3	"D"	25
"871"	623	"IRD_012022"	"1"	"AS103"	"L1"	"C3"	166	7	2	1	"D"	26
"872"	623	"IRD_012022"	"1"	"AS108"	"L2"	"C3"	122	6	2	3	"D"	26
"873"	623	"IRD_012022"	"1"	"AS113"	"L3"	"C3"	171	6	2	1	"D"	26
"874"	623	"IRD_012022"	"1"	"AS118"	"L4"	"C3"	96	4	2	1	"D"	26
"875"	623	"IRD_012022"	"1"	"AS143"	"T"	"C3"	131	4	2	1	"D"	26
"876"	623	"IRD_012022"	"2"	"AS123"	"L1"	"C3"	93	6	2	3	"D"	26
"877"	623	"IRD_012022"	"2"	"AS128"	"L2"	"C3"	116	8	2	3	"D"	26
"878"	623	"IRD_012022"	"2"	"AS133"	"L3"	"C3"	117	6	2	1	"D"	26
"879"	623	"IRD_012022"	"2"	"AS138"	"L4"	"C3"	116	4	2	1	"D"	26
"880"	623	"IRD_012022"	"2"	"AS148"	"T"	"C3"	57	3	2	3	"D"	26
"881"	671	"IRD_012022"	"1"	"AS103"	"L1"	"C3"	182	7	2	1	"D"	28
"882"	671	"IRD_012022"	"1"	"AS108"	"L2"	"C3"	134	8	2	3	"D"	28
"883"	671	"IRD_012022"	"1"	"AS113"	"L3"	"C3"	186	4	2	1	"D"	28
"884"	671	"IRD_012022"	"1"	"AS118"	"L4"	"C3"	109	4	2	1	"D"	28
"885"	671	"IRD_012022"	"1"	"AS143"	"T"	"C3"	141	4	2	1	"D"	28
"886"	671	"IRD_012022"	"2"	"AS123"	"L1"	"C3"	101	4	2	3	"D"	28
"887"	671	"IRD_012022"	"2"	"AS128"	"L2"	"C3"	127	10	2	3	"D"	28
"888"	671	"IRD_012022"	"2"	"AS133"	"L3"	"C3"	127	6	2	1	"D"	28
"889"	671	"IRD_012022"	"2"	"AS138"	"L4"	"C3"	119	4	2	1	"D"	28
"890"	671	"IRD_012022"	"2"	"AS148"	"T"	"C3"	54	4	2	3	"D"	28
"891"	743	"IRD_012022"	"1"	"AS103"	"L1"	"C3"	204	9	2	1	"D"	31
"892"	743	"IRD_012022"	"1"	"AS108"	"L2"	"C3"	148	10	2	3	"D"	31
"893"	743	"IRD_012022"	"1"	"AS113"	"L3"	"C3"	208	8	2	1	"D"	31
"894"	743	"IRD_012022"	"1"	"AS118"	"L4"	"C3"	116	4	2	1	"D"	31
"895"	743	"IRD_012022"	"1"	"AS143"	"T"	"C3"	154	4	2	1	"D"	31
"896"	743	"IRD_012022"	"2"	"AS123"	"L1"	"C3"	110	6	2	3	"D"	31
"897"	743	"IRD_012022"	"2"	"AS128"	"L2"	"C3"	134	9	2	3	"D"	31
"898"	743	"IRD_012022"	"2"	"AS133"	"L3"	"C3"	139	6	2	1	"D"	31
"899"	743	"IRD_012022"	"2"	"AS138"	"L4"	"C3"	123	6	2	1	"D"	31
"900"	743	"IRD_012022"	"2"	"AS148"	"T"	"C3"	61	4	2	3	"D"	31
"901"	767	"IRD_012022"	"1"	"AS103"	"L1"	"C3"	206	9	2	1	"D"	32
"902"	767	"IRD_012022"	"1"	"AS108"	"L2"	"C3"	155	10	2	3	"D"	32
"903"	767	"IRD_012022"	"1"	"AS113"	"L3"	"C3"	209	8	2	1	"D"	32
"904"	767	"IRD_012022"	"1"	"AS118"	"L4"	"C3"	116	4	2	1	"D"	32
"905"	767	"IRD_012022"	"1"	"AS143"	"T"	"C3"	159	4	2	1	"D"	32
"906"	767	"IRD_012022"	"2"	"AS123"	"L1"	"C3"	113	6	1	3	"D"	32
"907"	767	"IRD_012022"	"2"	"AS128"	"L2"	"C3"	136	9	2	3	"D"	32
"908"	767	"IRD_012022"	"2"	"AS133"	"L3"	"C3"	144	6	2	1	"D"	32
"909"	767	"IRD_012022"	"2"	"AS138"	"L4"	"C3"	125	4	2	1	"D"	32
"910"	767	"IRD_012022"	"2"	"AS148"	"T"	"C3"	76	4	2	3	"D"	32
"911"	836	"IRD_012022"	"1"	"AS103"	"L1"	"C3"	219	8	2	1	"D"	35
"912"	836	"IRD_012022"	"1"	"AS108"	"L2"	"C3"	172	10	2	3	"D"	35
"913"	836	"IRD_012022"	"1"	"AS113"	"L3"	"C3"	235	15	2	1	"D"	35
"914"	836	"IRD_012022"	"1"	"AS118"	"L4"	"C3"	128	4	2	1	"D"	35
"915"	836	"IRD_012022"	"1"	"AS143"	"T"	"C3"	172	6	2	1	"D"	35
"916"	836	"IRD_012022"	"2"	"AS123"	"L1"	"C3"	123	6	2	3	"D"	35
"917"	836	"IRD_012022"	"2"	"AS128"	"L2"	"C3"	147	9	2	3	"D"	35
"918"	836	"IRD_012022"	"2"	"AS133"	"L3"	"C3"	155	6	0	1	"D"	35
"919"	836	"IRD_012022"	"2"	"AS138"	"L4"	"C3"	133	6	2	1	"D"	35
"920"	836	"IRD_012022"	"2"	"AS148"	"T"	"C3"	70	6	2	3	"D"	35
"921"	911	"IRD_012022"	"1"	"AS103"	"L1"	"C3"	239	8	2	1	"D"	38
"922"	911	"IRD_012022"	"1"	"AS108"	"L2"	"C3"	186	10	0	3	"D"	38
"923"	911	"IRD_012022"	"1"	"AS113"	"L3"	"C3"	259	13	2	1	"D"	38
"924"	911	"IRD_012022"	"1"	"AS118"	"L4"	"C3"	135	4	1	1	"D"	38
"925"	911	"IRD_012022"	"1"	"AS143"	"T"	"C3"	181	6	2	1	"D"	38
"926"	911	"IRD_012022"	"2"	"AS123"	"L1"	"C3"	140	8	0	3	"D"	38
"927"	911	"IRD_012022"	"2"	"AS128"	"L2"	"C3"	165	11	1	3	"D"	38
"928"	911	"IRD_012022"	"2"	"AS133"	"L3"	"C3"	169	6	0	1	"D"	38
"929"	911	"IRD_012022"	"2"	"AS138"	"L4"	"C3"	142	8	1	1	"D"	38
"930"	911	"IRD_012022"	"2"	"AS148"	"T"	"C3"	84	7	0	3	"D"	38
"931"	0	"IRD_012022"	"1"	"AS104"	"L1"	"C4"	0	NA	2	NA	"TE"	0
"932"	0	"IRD_012022"	"1"	"AS109"	"L2"	"C4"	0	NA	2	NA	"TE"	0
"933"	0	"IRD_012022"	"1"	"AS114"	"L3"	"C4"	0	NA	2	NA	"TE"	0
"934"	0	"IRD_012022"	"1"	"AS119"	"L4"	"C4"	0	NA	2	NA	"TE"	0
"935"	0	"IRD_012022"	"1"	"AS144"	"T"	"C4"	0	NA	2	NA	"TE"	0
"936"	0	"IRD_012022"	"2"	"AS124"	"L1"	"C4"	0	NA	2	NA	"AR"	0
"937"	0	"IRD_012022"	"2"	"AS129"	"L2"	"C4"	0	NA	2	NA	"AR"	0
"938"	0	"IRD_012022"	"2"	"AS134"	"L3"	"C4"	0	NA	2	NA	"AR"	0
"939"	0	"IRD_012022"	"2"	"AS139"	"L4"	"C4"	0	NA	2	NA	"AR"	0
"940"	0	"IRD_012022"	"2"	"AS149"	"T"	"C4"	0	NA	2	NA	"AR"	0
"941"	19	"IRD_012022"	"1"	"AS104"	"L1"	"C4"	NA	NA	2	NA	"OT"	1
"942"	19	"IRD_012022"	"1"	"AS109"	"L2"	"C4"	NA	NA	2	NA	"TE"	1
"943"	19	"IRD_012022"	"1"	"AS114"	"L3"	"C4"	NA	NA	2	NA	"TE"	1
"944"	19	"IRD_012022"	"1"	"AS119"	"L4"	"C4"	NA	NA	2	NA	"TE"	1
"945"	19	"IRD_012022"	"1"	"AS144"	"T"	"C4"	NA	NA	2	NA	"ST"	1
"946"	24	"IRD_012022"	"1"	"AS124"	"L1"	"C4"	NA	NA	2	NA	"OT"	1
"947"	24	"IRD_012022"	"1"	"AS129"	"L2"	"C4"	NA	NA	2	NA	"TE"	1
"948"	24	"IRD_012022"	"1"	"AS134"	"L3"	"C4"	NA	NA	2	NA	"TE"	1
"949"	24	"IRD_012022"	"1"	"AS139"	"L4"	"C4"	NA	NA	2	NA	"TE"	1
"950"	24	"IRD_012022"	"1"	"AS149"	"T"	"C4"	NA	NA	2	NA	"ST"	1
"951"	41	"IRD_012022"	"1"	"AS104"	"L1"	"C4"	NA	NA	2	NA	"ST"	2
"952"	41	"IRD_012022"	"1"	"AS109"	"L2"	"C4"	NA	NA	2	NA	"AR"	2
"953"	41	"IRD_012022"	"1"	"AS114"	"L3"	"C4"	NA	NA	2	NA	"AR"	2
"954"	41	"IRD_012022"	"1"	"AS119"	"L4"	"C4"	NA	NA	2	NA	"AR"	2
"955"	41	"IRD_012022"	"1"	"AS144"	"T"	"C4"	NA	NA	2	NA	"AR"	2
"956"	48	"IRD_012022"	"1"	"AS124"	"L1"	"C4"	NA	NA	2	NA	"ST"	2
"957"	48	"IRD_012022"	"1"	"AS129"	"L2"	"C4"	NA	NA	2	NA	"AR"	2
"958"	48	"IRD_012022"	"1"	"AS134"	"L3"	"C4"	NA	NA	2	NA	"AR"	2
"959"	48	"IRD_012022"	"1"	"AS139"	"L4"	"C4"	NA	NA	2	NA	"AR"	2
"960"	48	"IRD_012022"	"1"	"AS149"	"T"	"C4"	NA	NA	2	NA	"AR"	2
"961"	69	"IRD_012022"	"1"	"AS104"	"L1"	"C4"	NA	NA	2	NA	"ST"	3
"962"	69	"IRD_012022"	"1"	"AS109"	"L2"	"C4"	NA	NA	2	NA	"ANC"	3
"963"	69	"IRD_012022"	"1"	"AS114"	"L3"	"C4"	NA	NA	2	NA	"ANC"	3
"964"	69	"IRD_012022"	"1"	"AS119"	"L4"	"C4"	NA	NA	2	NA	"ANC"	3
"965"	69	"IRD_012022"	"1"	"AS144"	"T"	"C4"	NA	NA	2	NA	"AR"	3
"966"	72	"IRD_012022"	"1"	"AS124"	"L1"	"C4"	NA	NA	2	NA	"OT"	3
"967"	72	"IRD_012022"	"1"	"AS129"	"L2"	"C4"	NA	NA	2	NA	"ANC"	3
"968"	72	"IRD_012022"	"1"	"AS134"	"L3"	"C4"	NA	NA	2	NA	"ANC"	3
"969"	72	"IRD_012022"	"1"	"AS139"	"L4"	"C4"	NA	NA	2	NA	"ANC"	3
"970"	72	"IRD_012022"	"1"	"AS149"	"T"	"C4"	NA	NA	2	NA	"AR"	3
"971"	89	"IRD_012022"	"1"	"AS104"	"L1"	"C4"	NA	NA	2	NA	"ANC"	4
"972"	89	"IRD_012022"	"1"	"AS109"	"L2"	"C4"	NA	NA	2	NA	"ANC"	4
"973"	89	"IRD_012022"	"1"	"AS114"	"L3"	"C4"	NA	NA	2	NA	"ANC"	4
"974"	89	"IRD_012022"	"1"	"AS119"	"L4"	"C4"	NA	NA	2	NA	"ANC"	4
"975"	89	"IRD_012022"	"1"	"AS144"	"T"	"C4"	NA	NA	2	NA	"ANC"	4
"976"	96	"IRD_012022"	"1"	"AS124"	"L1"	"C4"	NA	NA	2	NA	"ANC"	4
"977"	96	"IRD_012022"	"1"	"AS129"	"L2"	"C4"	NA	NA	2	NA	"ANC"	4
"978"	96	"IRD_012022"	"1"	"AS134"	"L3"	"C4"	NA	NA	2	NA	"ANC"	4
"979"	96	"IRD_012022"	"1"	"AS139"	"L4"	"C4"	NA	NA	2	NA	"ANC"	4
"980"	96	"IRD_012022"	"1"	"AS149"	"T"	"C4"	NA	NA	2	NA	"ANC"	4
"981"	118	"IRD_012022"	"1"	"AS104"	"L1"	"C4"	NA	NA	2	NA	"ANC"	5
"982"	118	"IRD_012022"	"1"	"AS109"	"L2"	"C4"	NA	NA	2	NA	"ANC"	5
"983"	118	"IRD_012022"	"1"	"AS114"	"L3"	"C4"	NA	NA	2	NA	"ANC"	5
"984"	118	"IRD_012022"	"1"	"AS119"	"L4"	"C4"	NA	NA	2	NA	"ANC"	5
"985"	118	"IRD_012022"	"1"	"AS144"	"T"	"C4"	NA	NA	2	NA	"ANC"	5
"986"	142	"IRD_012022"	"1"	"AS124"	"L1"	"C4"	NA	NA	2	NA	"ANC"	6
"987"	142	"IRD_012022"	"1"	"AS129"	"L2"	"C4"	NA	NA	2	NA	"ANC"	6
"988"	142	"IRD_012022"	"1"	"AS134"	"L3"	"C4"	NA	NA	2	NA	"ANC"	6
"989"	142	"IRD_012022"	"1"	"AS139"	"L4"	"C4"	NA	NA	2	NA	"ANC"	6
"990"	142	"IRD_012022"	"1"	"AS149"	"T"	"C4"	NA	NA	2	NA	"ANC"	6
"991"	168	"IRD_012022"	"1"	"AS104"	"L1"	"C4"	NA	NA	2	NA	"ANC"	7
"992"	168	"IRD_012022"	"1"	"AS109"	"L2"	"C4"	NA	NA	2	NA	"ANC"	7
"993"	168	"IRD_012022"	"1"	"AS114"	"L3"	"C4"	NA	NA	2	NA	"ANC"	7
"994"	168	"IRD_012022"	"1"	"AS119"	"L4"	"C4"	NA	NA	2	NA	"ANC"	7
"995"	168	"IRD_012022"	"1"	"AS144"	"T"	"C4"	NA	NA	2	NA	"ANC"	7
"996"	232	"IRD_012022"	"1"	"AS124"	"L1"	"C4"	NA	NA	2	NA	"ANC"	10
"997"	232	"IRD_012022"	"1"	"AS129"	"L2"	"C4"	NA	NA	2	NA	"ANC"	10
"998"	232	"IRD_012022"	"1"	"AS134"	"L3"	"C4"	NA	NA	2	NA	"D"	10
"999"	232	"IRD_012022"	"1"	"AS139"	"L4"	"C4"	NA	NA	2	NA	"D"	10
"1000"	232	"IRD_012022"	"1"	"AS149"	"T"	"C4"	NA	NA	2	NA	"D"	10
"1001"	19	"IRD_012022"	"2"	"AS104"	"L1"	"C4"	NA	NA	2	NA	"ANC"	1
"1002"	19	"IRD_012022"	"2"	"AS109"	"L2"	"C4"	NA	NA	2	NA	"ANC"	1
"1003"	19	"IRD_012022"	"2"	"AS114"	"L3"	"C4"	NA	NA	2	NA	"ANC"	1
"1004"	19	"IRD_012022"	"2"	"AS119"	"L4"	"C4"	NA	NA	2	NA	"ANC"	1
"1005"	19	"IRD_012022"	"2"	"AS144"	"T"	"C4"	NA	NA	2	NA	"AR"	1
"1006"	24	"IRD_012022"	"2"	"AS124"	"L1"	"C4"	NA	NA	2	NA	"ANC"	1
"1007"	24	"IRD_012022"	"2"	"AS129"	"L2"	"C4"	NA	NA	2	NA	"ANC"	1
"1008"	24	"IRD_012022"	"2"	"AS134"	"L3"	"C4"	NA	NA	2	NA	"ANC"	1
"1009"	24	"IRD_012022"	"2"	"AS139"	"L4"	"C4"	NA	NA	2	NA	"ANC"	1
"1010"	24	"IRD_012022"	"2"	"AS149"	"T"	"C4"	NA	NA	2	NA	"AR"	1
"1011"	41	"IRD_012022"	"2"	"AS104"	"L1"	"C4"	NA	NA	2	NA	"ANC"	2
"1012"	41	"IRD_012022"	"2"	"AS109"	"L2"	"C4"	NA	NA	2	NA	"ANC"	2
"1013"	41	"IRD_012022"	"2"	"AS114"	"L3"	"C4"	NA	NA	2	NA	"ANC"	2
"1014"	41	"IRD_012022"	"2"	"AS119"	"L4"	"C4"	NA	NA	2	NA	"ANC"	2
"1015"	41	"IRD_012022"	"2"	"AS144"	"T"	"C4"	NA	NA	2	NA	"AR"	2
"1016"	48	"IRD_012022"	"2"	"AS124"	"L1"	"C4"	NA	NA	2	NA	"ANC"	2
"1017"	48	"IRD_012022"	"2"	"AS129"	"L2"	"C4"	NA	NA	2	NA	"ANC"	2
"1018"	48	"IRD_012022"	"2"	"AS134"	"L3"	"C4"	NA	NA	2	NA	"ANC"	2
"1019"	48	"IRD_012022"	"2"	"AS139"	"L4"	"C4"	NA	NA	2	NA	"ANC"	2
"1020"	48	"IRD_012022"	"2"	"AS149"	"T"	"C4"	NA	NA	2	NA	"AR"	2
"1021"	69	"IRD_012022"	"2"	"AS104"	"L1"	"C4"	NA	NA	2	NA	"ANC"	3
"1022"	69	"IRD_012022"	"2"	"AS109"	"L2"	"C4"	NA	NA	2	NA	"ANC"	3
"1023"	69	"IRD_012022"	"2"	"AS114"	"L3"	"C4"	NA	NA	2	NA	"ANC"	3
"1024"	69	"IRD_012022"	"2"	"AS119"	"L4"	"C4"	NA	NA	2	NA	"ANC"	3
"1025"	69	"IRD_012022"	"2"	"AS144"	"T"	"C4"	NA	NA	2	NA	"ANC"	3
"1026"	72	"IRD_012022"	"2"	"AS124"	"L1"	"C4"	NA	NA	2	NA	"ANC"	3
"1027"	72	"IRD_012022"	"2"	"AS129"	"L2"	"C4"	NA	NA	2	NA	"ANC"	3
"1028"	72	"IRD_012022"	"2"	"AS134"	"L3"	"C4"	NA	NA	2	NA	"ANC"	3
"1029"	72	"IRD_012022"	"2"	"AS139"	"L4"	"C4"	NA	NA	2	NA	"ANC"	3
"1030"	72	"IRD_012022"	"2"	"AS149"	"T"	"C4"	NA	NA	2	NA	"ANC"	3
"1031"	89	"IRD_012022"	"2"	"AS104"	"L1"	"C4"	NA	NA	2	NA	"ANC"	4
"1032"	89	"IRD_012022"	"2"	"AS109"	"L2"	"C4"	NA	NA	2	NA	"ANC"	4
"1033"	89	"IRD_012022"	"2"	"AS114"	"L3"	"C4"	NA	NA	2	NA	"ANC"	4
"1034"	89	"IRD_012022"	"2"	"AS119"	"L4"	"C4"	NA	NA	2	NA	"ANC"	4
"1035"	89	"IRD_012022"	"2"	"AS144"	"T"	"C4"	NA	NA	2	NA	"ANC"	4
"1036"	96	"IRD_012022"	"2"	"AS124"	"L1"	"C4"	NA	NA	2	NA	"ANC"	4
"1037"	96	"IRD_012022"	"2"	"AS129"	"L2"	"C4"	NA	NA	2	NA	"D"	4
"1038"	96	"IRD_012022"	"2"	"AS134"	"L3"	"C4"	NA	NA	2	NA	"ANC"	4
"1039"	96	"IRD_012022"	"2"	"AS139"	"L4"	"C4"	NA	NA	2	NA	"ANC"	4
"1040"	96	"IRD_012022"	"2"	"AS149"	"T"	"C4"	NA	NA	2	NA	"ANC"	4
"1041"	118	"IRD_012022"	"2"	"AS104"	"L1"	"C4"	NA	NA	2	NA	"D"	5
"1042"	118	"IRD_012022"	"2"	"AS109"	"L2"	"C4"	NA	NA	2	NA	"D"	5
"1043"	118	"IRD_012022"	"2"	"AS114"	"L3"	"C4"	NA	NA	2	NA	"ANC"	5
"1044"	118	"IRD_012022"	"2"	"AS119"	"L4"	"C4"	NA	NA	2	NA	"D"	5
"1045"	118	"IRD_012022"	"2"	"AS144"	"T"	"C4"	NA	NA	2	NA	"ANC"	5
"1046"	142	"IRD_012022"	"2"	"AS124"	"L1"	"C4"	NA	NA	2	NA	"D"	6
"1047"	142	"IRD_012022"	"2"	"AS129"	"L2"	"C4"	NA	NA	2	NA	"D"	6
"1048"	142	"IRD_012022"	"2"	"AS134"	"L3"	"C4"	NA	NA	2	NA	"D"	6
"1049"	142	"IRD_012022"	"2"	"AS139"	"L4"	"C4"	NA	NA	2	NA	"D"	6
"1050"	142	"IRD_012022"	"2"	"AS149"	"T"	"C4"	NA	NA	2	NA	"ANC"	6
"1051"	168	"IRD_012022"	"2"	"AS104"	"L1"	"C4"	NA	NA	2	NA	"D"	7
"1052"	168	"IRD_012022"	"2"	"AS109"	"L2"	"C4"	NA	NA	2	NA	"D"	7
"1053"	168	"IRD_012022"	"2"	"AS114"	"L3"	"C4"	NA	NA	2	NA	"D"	7
"1054"	168	"IRD_012022"	"2"	"AS119"	"L4"	"C4"	NA	NA	2	NA	"D"	7
"1055"	168	"IRD_012022"	"2"	"AS144"	"T"	"C4"	NA	NA	2	NA	"D"	7
"1056"	232	"IRD_012022"	"2"	"AS124"	"L1"	"C4"	NA	NA	2	NA	"D"	10
"1057"	232	"IRD_012022"	"2"	"AS129"	"L2"	"C4"	NA	NA	2	NA	"D"	10
"1058"	232	"IRD_012022"	"2"	"AS134"	"L3"	"C4"	NA	NA	2	NA	"D"	10
"1059"	232	"IRD_012022"	"2"	"AS139"	"L4"	"C4"	NA	NA	2	NA	"D"	10
"1060"	232	"IRD_012022"	"2"	"AS149"	"T"	"C4"	NA	NA	2	NA	"D"	10
"1061"	239	"IRD_012022"	"1"	"AS104"	"L1"	"C4"	NA	NA	2	NA	"ANC"	10
"1062"	239	"IRD_012022"	"1"	"AS109"	"L2"	"C4"	NA	NA	2	NA	"ANC"	10
"1063"	239	"IRD_012022"	"1"	"AS114"	"L3"	"C4"	43	NA	2	NA	"D"	10
"1064"	239	"IRD_012022"	"1"	"AS119"	"L4"	"C4"	53	NA	2	NA	"D"	10
"1065"	239	"IRD_012022"	"1"	"AS144"	"T"	"C4"	NA	NA	2	NA	"ANC"	10
"1066"	239	"IRD_012022"	"2"	"AS124"	"L1"	"C4"	63	NA	2	NA	"D"	10
"1067"	239	"IRD_012022"	"2"	"AS129"	"L2"	"C4"	83	NA	2	NA	"D"	10
"1068"	239	"IRD_012022"	"2"	"AS134"	"L3"	"C4"	83	NA	2	NA	"D"	10
"1069"	239	"IRD_012022"	"2"	"AS139"	"L4"	"C4"	43	NA	2	NA	"D"	10
"1070"	239	"IRD_012022"	"2"	"AS149"	"T"	"C4"	48	NA	2	NA	"D"	10
"1071"	263	"IRD_012022"	"1"	"AS104"	"L1"	"C4"	NA	NA	2	NA	"ANC"	11
"1072"	263	"IRD_012022"	"1"	"AS109"	"L2"	"C4"	NA	NA	2	NA	"ANC"	11
"1073"	263	"IRD_012022"	"1"	"AS114"	"L3"	"C4"	57	NA	2	NA	"D"	11
"1074"	263	"IRD_012022"	"1"	"AS119"	"L4"	"C4"	63	NA	2	NA	"D"	11
"1075"	263	"IRD_012022"	"1"	"AS144"	"T"	"C4"	49	NA	2	NA	"D"	11
"1076"	263	"IRD_012022"	"2"	"AS124"	"L1"	"C4"	74	NA	2	NA	"D"	11
"1077"	263	"IRD_012022"	"2"	"AS129"	"L2"	"C4"	99	NA	2	NA	"D"	11
"1078"	263	"IRD_012022"	"2"	"AS134"	"L3"	"C4"	97	NA	2	NA	"D"	11
"1079"	263	"IRD_012022"	"2"	"AS139"	"L4"	"C4"	52	NA	2	NA	"D"	11
"1080"	263	"IRD_012022"	"2"	"AS149"	"T"	"C4"	67	NA	2	NA	"D"	11
"1081"	287	"IRD_012022"	"1"	"AS104"	"L1"	"C4"	NA	NA	2	NA	"ANC"	12
"1082"	287	"IRD_012022"	"1"	"AS109"	"L2"	"C4"	NA	NA	2	NA	"ANC"	12
"1083"	287	"IRD_012022"	"1"	"AS114"	"L3"	"C4"	64	NA	2	NA	"D"	12
"1084"	287	"IRD_012022"	"1"	"AS119"	"L4"	"C4"	69	NA	2	NA	"D"	12
"1085"	287	"IRD_012022"	"1"	"AS144"	"T"	"C4"	64	NA	2	NA	"D"	12
"1086"	287	"IRD_012022"	"2"	"AS124"	"L1"	"C4"	81	NA	2	NA	"D"	12
"1087"	287	"IRD_012022"	"2"	"AS129"	"L2"	"C4"	112	NA	2	NA	"D"	12
"1088"	287	"IRD_012022"	"2"	"AS134"	"L3"	"C4"	104	NA	2	NA	"D"	12
"1089"	287	"IRD_012022"	"2"	"AS139"	"L4"	"C4"	62	NA	2	NA	"D"	12
"1090"	287	"IRD_012022"	"2"	"AS149"	"T"	"C4"	74	NA	2	NA	"D"	12
"1091"	313	"IRD_012022"	"1"	"AS104"	"L1"	"C4"	NA	NA	2	1	"ANC"	13
"1092"	313	"IRD_012022"	"1"	"AS109"	"L2"	"C4"	NA	NA	2	1	"ANC"	13
"1093"	313	"IRD_012022"	"1"	"AS114"	"L3"	"C4"	78	NA	2	1	"D"	13
"1094"	313	"IRD_012022"	"1"	"AS119"	"L4"	"C4"	80	NA	2	1	"D"	13
"1095"	313	"IRD_012022"	"1"	"AS144"	"T"	"C4"	70	NA	2	1	"D"	13
"1096"	313	"IRD_012022"	"2"	"AS124"	"L1"	"C4"	93	NA	2	1	"D"	13
"1097"	313	"IRD_012022"	"2"	"AS129"	"L2"	"C4"	124	NA	2	1	"D"	13
"1098"	313	"IRD_012022"	"2"	"AS134"	"L3"	"C4"	120	NA	2	1	"D"	13
"1099"	313	"IRD_012022"	"2"	"AS139"	"L4"	"C4"	73	NA	2	1	"D"	13
"1100"	313	"IRD_012022"	"2"	"AS149"	"T"	"C4"	89	NA	2	1	"D"	13
"1101"	335	"IRD_012022"	"1"	"AS104"	"L1"	"C4"	NA	NA	2	1	"ANC"	14
"1102"	335	"IRD_012022"	"1"	"AS109"	"L2"	"C4"	NA	NA	2	1	"ANC"	14
"1103"	335	"IRD_012022"	"1"	"AS114"	"L3"	"C4"	84	NA	2	1	"D"	14
"1104"	335	"IRD_012022"	"1"	"AS119"	"L4"	"C4"	87	NA	2	1	"D"	14
"1105"	335	"IRD_012022"	"1"	"AS144"	"T"	"C4"	77	NA	2	1	"D"	14
"1106"	335	"IRD_012022"	"2"	"AS124"	"L1"	"C4"	97	NA	2	1	"D"	14
"1107"	335	"IRD_012022"	"2"	"AS129"	"L2"	"C4"	109	NA	2	1	"D"	14
"1108"	335	"IRD_012022"	"2"	"AS134"	"L3"	"C4"	89	NA	2	1	"D"	14
"1109"	335	"IRD_012022"	"2"	"AS139"	"L4"	"C4"	79	NA	2	1	"D"	14
"1110"	335	"IRD_012022"	"2"	"AS149"	"T"	"C4"	104	NA	2	1	"D"	14
"1111"	407	"IRD_012022"	"1"	"AS104"	"L1"	"C4"	46	NA	2	1	"D"	17
"1112"	407	"IRD_012022"	"1"	"AS109"	"L2"	"C4"	58	NA	2	1	"D"	17
"1113"	407	"IRD_012022"	"1"	"AS114"	"L3"	"C4"	92	NA	2	1	"D"	17
"1114"	407	"IRD_012022"	"1"	"AS119"	"L4"	"C4"	112	NA	2	1	"D"	17
"1115"	407	"IRD_012022"	"1"	"AS144"	"T"	"C4"	94	NA	2	1	"D"	17
"1116"	407	"IRD_012022"	"2"	"AS124"	"L1"	"C4"	95	NA	2	1	"D"	17
"1117"	407	"IRD_012022"	"2"	"AS129"	"L2"	"C4"	115	NA	2	1	"D"	17
"1118"	407	"IRD_012022"	"2"	"AS134"	"L3"	"C4"	104	NA	2	1	"D"	17
"1119"	407	"IRD_012022"	"2"	"AS139"	"L4"	"C4"	75	NA	2	1	"D"	17
"1120"	407	"IRD_012022"	"2"	"AS149"	"T"	"C4"	111	NA	2	1	"D"	17
"1121"	431	"IRD_012022"	"1"	"AS104"	"L1"	"C4"	49	NA	2	1	"D"	18
"1122"	431	"IRD_012022"	"1"	"AS109"	"L2"	"C4"	64	NA	2	1	"D"	18
"1123"	431	"IRD_012022"	"1"	"AS114"	"L3"	"C4"	96	NA	2	1	"D"	18
"1124"	431	"IRD_012022"	"1"	"AS119"	"L4"	"C4"	134	NA	2	1	"D"	18
"1125"	431	"IRD_012022"	"1"	"AS144"	"T"	"C4"	101	NA	2	1	"D"	18
"1126"	431	"IRD_012022"	"2"	"AS124"	"L1"	"C4"	94	NA	2	1	"D"	18
"1127"	431	"IRD_012022"	"2"	"AS129"	"L2"	"C4"	118	NA	2	1	"D"	18
"1128"	431	"IRD_012022"	"2"	"AS134"	"L3"	"C4"	54	NA	2	1	"D"	18
"1129"	431	"IRD_012022"	"2"	"AS139"	"L4"	"C4"	78	NA	2	1	"D"	18
"1130"	431	"IRD_012022"	"2"	"AS149"	"T"	"C4"	121	NA	2	1	"D"	18
"1131"	456	"IRD_012022"	"1"	"AS104"	"L1"	"C4"	64	NA	2	1	"D"	19
"1132"	456	"IRD_012022"	"1"	"AS109"	"L2"	"C4"	81	NA	2	1	"D"	19
"1133"	456	"IRD_012022"	"1"	"AS114"	"L3"	"C4"	107	NA	2	1	"D"	19
"1134"	456	"IRD_012022"	"1"	"AS119"	"L4"	"C4"	139	NA	2	1	"D"	19
"1135"	456	"IRD_012022"	"1"	"AS144"	"T"	"C4"	99	NA	2	3	"D"	19
"1136"	456	"IRD_012022"	"2"	"AS124"	"L1"	"C4"	100	NA	2	3	"D"	19
"1137"	456	"IRD_012022"	"2"	"AS129"	"L2"	"C4"	122	NA	2	3	"D"	19
"1138"	456	"IRD_012022"	"2"	"AS134"	"L3"	"C4"	60	NA	2	3	"D"	19
"1139"	456	"IRD_012022"	"2"	"AS139"	"L4"	"C4"	74	NA	2	3	"D"	19
"1140"	456	"IRD_012022"	"2"	"AS149"	"T"	"C4"	126	NA	2	1	"D"	19
"1141"	479	"IRD_012022"	"1"	"AS104"	"L1"	"C4"	70	NA	2	1	"D"	20
"1142"	479	"IRD_012022"	"1"	"AS109"	"L2"	"C4"	85	NA	2	1	"D"	20
"1143"	479	"IRD_012022"	"1"	"AS114"	"L3"	"C4"	112	NA	2	1	"D"	20
"1144"	479	"IRD_012022"	"1"	"AS119"	"L4"	"C4"	146	NA	2	1	"D"	20
"1145"	479	"IRD_012022"	"1"	"AS144"	"T"	"C4"	105	NA	2	3	"D"	20
"1146"	479	"IRD_012022"	"2"	"AS124"	"L1"	"C4"	101	NA	2	3	"D"	20
"1147"	479	"IRD_012022"	"2"	"AS129"	"L2"	"C4"	124	NA	2	3	"D"	20
"1148"	479	"IRD_012022"	"2"	"AS134"	"L3"	"C4"	61	NA	2	3	"D"	20
"1149"	479	"IRD_012022"	"2"	"AS139"	"L4"	"C4"	74	NA	2	3	"D"	20
"1150"	479	"IRD_012022"	"2"	"AS149"	"T"	"C4"	131	NA	2	1	"D"	20
"1151"	503	"IRD_012022"	"1"	"AS104"	"L1"	"C4"	73	2	2	1	"D"	21
"1152"	503	"IRD_012022"	"1"	"AS109"	"L2"	"C4"	89	2	2	1	"D"	21
"1153"	503	"IRD_012022"	"1"	"AS114"	"L3"	"C4"	116	4	2	1	"D"	21
"1154"	503	"IRD_012022"	"1"	"AS119"	"L4"	"C4"	151	4	2	1	"D"	21
"1155"	503	"IRD_012022"	"1"	"AS144"	"T"	"C4"	111	1	2	3	"D"	21
"1156"	503	"IRD_012022"	"2"	"AS124"	"L1"	"C4"	102	5	2	3	"D"	21
"1157"	503	"IRD_012022"	"2"	"AS129"	"L2"	"C4"	124	6	2	3	"D"	21
"1158"	503	"IRD_012022"	"2"	"AS134"	"L3"	"C4"	64	4	2	3	"D"	21
"1159"	503	"IRD_012022"	"2"	"AS139"	"L4"	"C4"	74	0	2	3	"D"	21
"1160"	503	"IRD_012022"	"2"	"AS149"	"T"	"C4"	136	2	2	1	"D"	21
"1161"	575	"IRD_012022"	"1"	"AS104"	"L1"	"C4"	95	2	2	1	"D"	24
"1162"	575	"IRD_012022"	"1"	"AS109"	"L2"	"C4"	115	2	2	1	"D"	24
"1163"	575	"IRD_012022"	"1"	"AS114"	"L3"	"C4"	127	2	2	1	"D"	24
"1164"	575	"IRD_012022"	"1"	"AS119"	"L4"	"C4"	174	4	2	1	"D"	24
"1165"	575	"IRD_012022"	"1"	"AS144"	"T"	"C4"	120	1	2	3	"D"	24
"1166"	575	"IRD_012022"	"2"	"AS124"	"L1"	"C4"	109	5	2	3	"D"	24
"1167"	575	"IRD_012022"	"2"	"AS129"	"L2"	"C4"	125	6	2	3	"D"	24
"1168"	575	"IRD_012022"	"2"	"AS134"	"L3"	"C4"	71	4	2	3	"D"	24
"1169"	575	"IRD_012022"	"2"	"AS139"	"L4"	"C4"	76	0	2	3	"D"	24
"1170"	575	"IRD_012022"	"2"	"AS149"	"T"	"C4"	148	3	2	1	"D"	24
"1171"	599	"IRD_012022"	"1"	"AS104"	"L1"	"C4"	97	4	2	1	"D"	25
"1172"	599	"IRD_012022"	"1"	"AS109"	"L2"	"C4"	117	4	2	1	"D"	25
"1173"	599	"IRD_012022"	"1"	"AS114"	"L3"	"C4"	126	2	2	1	"D"	25
"1174"	599	"IRD_012022"	"1"	"AS119"	"L4"	"C4"	175	4	2	1	"D"	25
"1175"	599	"IRD_012022"	"1"	"AS144"	"T"	"C4"	126	1	2	3	"D"	25
"1176"	599	"IRD_012022"	"2"	"AS124"	"L1"	"C4"	114	7	2	3	"D"	25
"1177"	599	"IRD_012022"	"2"	"AS129"	"L2"	"C4"	126	8	2	3	"D"	25
"1178"	599	"IRD_012022"	"2"	"AS134"	"L3"	"C4"	100	6	2	3	"D"	25
"1179"	599	"IRD_012022"	"2"	"AS139"	"L4"	"C4"	79	0	2	3	"D"	25
"1180"	599	"IRD_012022"	"2"	"AS149"	"T"	"C4"	149	3	2	1	"D"	25
"1181"	623	"IRD_012022"	"1"	"AS104"	"L1"	"C4"	101	4	2	1	"D"	26
"1182"	623	"IRD_012022"	"1"	"AS109"	"L2"	"C4"	123	4	2	1	"D"	26
"1183"	623	"IRD_012022"	"1"	"AS114"	"L3"	"C4"	136	2	2	1	"D"	26
"1184"	623	"IRD_012022"	"1"	"AS119"	"L4"	"C4"	177	5	2	1	"D"	26
"1185"	623	"IRD_012022"	"1"	"AS144"	"T"	"C4"	133	3	2	3	"D"	26
"1186"	623	"IRD_012022"	"2"	"AS124"	"L1"	"C4"	116	7	2	3	"D"	26
"1187"	623	"IRD_012022"	"2"	"AS129"	"L2"	"C4"	126	8	2	3	"D"	26
"1188"	623	"IRD_012022"	"2"	"AS134"	"L3"	"C4"	72	8	2	3	"D"	26
"1189"	623	"IRD_012022"	"2"	"AS139"	"L4"	"C4"	46	4	2	3	"D"	26
"1190"	623	"IRD_012022"	"2"	"AS149"	"T"	"C4"	154	4	2	1	"D"	26
"1191"	671	"IRD_012022"	"1"	"AS104"	"L1"	"C4"	111	4	2	1	"D"	28
"1192"	671	"IRD_012022"	"1"	"AS109"	"L2"	"C4"	134	4	2	1	"D"	28
"1193"	671	"IRD_012022"	"1"	"AS114"	"L3"	"C4"	136	4	2	1	"D"	28
"1194"	671	"IRD_012022"	"1"	"AS119"	"L4"	"C4"	192	4	2	1	"D"	28
"1195"	671	"IRD_012022"	"1"	"AS144"	"T"	"C4"	139	5	2	3	"D"	28
"1196"	671	"IRD_012022"	"2"	"AS124"	"L1"	"C4"	122	7	2	3	"D"	28
"1197"	671	"IRD_012022"	"2"	"AS129"	"L2"	"C4"	132	8	0	3	"D"	28
"1198"	671	"IRD_012022"	"2"	"AS134"	"L3"	"C4"	105	10	2	3	"D"	28
"1199"	671	"IRD_012022"	"2"	"AS139"	"L4"	"C4"	54	4	2	3	"D"	28
"1200"	671	"IRD_012022"	"2"	"AS149"	"T"	"C4"	160	4	2	1	"D"	28
"1201"	743	"IRD_012022"	"1"	"AS104"	"L1"	"C4"	121	4	2	1	"D"	31
"1202"	743	"IRD_012022"	"1"	"AS109"	"L2"	"C4"	156	4	2	1	"D"	31
"1203"	743	"IRD_012022"	"1"	"AS114"	"L3"	"C4"	149	5	2	1	"D"	31
"1204"	743	"IRD_012022"	"1"	"AS119"	"L4"	"C4"	222	7	2	1	"D"	31
"1205"	743	"IRD_012022"	"1"	"AS144"	"T"	"C4"	148	11	2	3	"D"	31
"1206"	743	"IRD_012022"	"2"	"AS124"	"L1"	"C4"	128	9	2	3	"D"	31
"1207"	743	"IRD_012022"	"2"	"AS129"	"L2"	"C4"	141	12	2	3	"D"	31
"1208"	743	"IRD_012022"	"2"	"AS134"	"L3"	"C4"	102	8	2	3	"D"	31
"1209"	743	"IRD_012022"	"2"	"AS139"	"L4"	"C4"	52	4	2	3	"D"	31
"1210"	743	"IRD_012022"	"2"	"AS149"	"T"	"C4"	173	4	2	1	"D"	31
"1211"	767	"IRD_012022"	"1"	"AS104"	"L1"	"C4"	134	4	2	1	"D"	32
"1212"	767	"IRD_012022"	"1"	"AS109"	"L2"	"C4"	156	4	2	1	"D"	32
"1213"	767	"IRD_012022"	"1"	"AS114"	"L3"	"C4"	150	4	2	1	"D"	32
"1214"	767	"IRD_012022"	"1"	"AS119"	"L4"	"C4"	224	7	0	1	"D"	32
"1215"	767	"IRD_012022"	"1"	"AS144"	"T"	"C4"	142	10	2	3	"D"	32
"1216"	767	"IRD_012022"	"2"	"AS124"	"L1"	"C4"	129	9	2	3	"D"	32
"1217"	767	"IRD_012022"	"2"	"AS129"	"L2"	"C4"	137	12	0	3	"D"	32
"1218"	767	"IRD_012022"	"2"	"AS134"	"L3"	"C4"	112	7	2	3	"D"	32
"1219"	767	"IRD_012022"	"2"	"AS139"	"L4"	"C4"	52	4	2	3	"D"	32
"1220"	767	"IRD_012022"	"2"	"AS149"	"T"	"C4"	175	4	2	1	"D"	32
"1221"	836	"IRD_012022"	"1"	"AS104"	"L1"	"C4"	144	4	2	1	"D"	35
"1222"	836	"IRD_012022"	"1"	"AS109"	"L2"	"C4"	175	6	2	1	"D"	35
"1223"	836	"IRD_012022"	"1"	"AS114"	"L3"	"C4"	164	4	2	1	"D"	35
"1224"	836	"IRD_012022"	"1"	"AS119"	"L4"	"C4"	241	6	0	1	"D"	35
"1225"	836	"IRD_012022"	"1"	"AS144"	"T"	"C4"	154	10	2	3	"D"	35
"1226"	836	"IRD_012022"	"2"	"AS124"	"L1"	"C4"	134	11	0	3	"D"	35
"1227"	836	"IRD_012022"	"2"	"AS129"	"L2"	"C4"	144	16	0	3	"D"	35
"1228"	836	"IRD_012022"	"2"	"AS134"	"L3"	"C4"	110	9	0	3	"D"	35
"1229"	836	"IRD_012022"	"2"	"AS139"	"L4"	"C4"	51	4	2	3	"D"	35
"1230"	836	"IRD_012022"	"2"	"AS149"	"T"	"C4"	182	4	0	1	"D"	35
"1231"	911	"IRD_012022"	"1"	"AS104"	"L1"	"C4"	160	6	2	1	"D"	38
"1232"	911	"IRD_012022"	"1"	"AS109"	"L2"	"C4"	193	6	2	1	"D"	38
"1233"	911	"IRD_012022"	"1"	"AS114"	"L3"	"C4"	180	4	1	1	"D"	38
"1234"	911	"IRD_012022"	"1"	"AS119"	"L4"	"C4"	264	8	0	1	"D"	38
"1235"	911	"IRD_012022"	"1"	"AS144"	"T"	"C4"	172	12	2	3	"D"	38
"1236"	911	"IRD_012022"	"2"	"AS124"	"L1"	"C4"	147	12	0	3	"D"	38
"1237"	911	"IRD_012022"	"2"	"AS129"	"L2"	"C4"	145	16	0	3	"D"	38
"1238"	911	"IRD_012022"	"2"	"AS134"	"L3"	"C4"	115	13	0	3	"D"	38
"1239"	911	"IRD_012022"	"2"	"AS139"	"L4"	"C4"	63	6	1	3	"D"	38
"1240"	911	"IRD_012022"	"2"	"AS149"	"T"	"C4"	195	4	0	1	"D"	38
"1241"	0	"IRD_012022"	"1"	"AS105"	"L1"	"C5"	0	NA	2	NA	"TE"	0
"1242"	0	"IRD_012022"	"1"	"AS110"	"L2"	"C5"	0	NA	2	NA	"TE"	0
"1243"	0	"IRD_012022"	"1"	"AS115"	"L3"	"C5"	0	NA	2	NA	"TE"	0
"1244"	0	"IRD_012022"	"1"	"AS120"	"L4"	"C5"	0	NA	2	NA	"TE"	0
"1245"	0	"IRD_012022"	"1"	"AS145"	"T"	"C5"	0	NA	2	NA	"TE"	0
"1246"	0	"IRD_012022"	"2"	"AS125"	"L1"	"C5"	0	NA	2	NA	"AR"	0
"1247"	0	"IRD_012022"	"2"	"AS130"	"L2"	"C5"	0	NA	2	NA	"AR"	0
"1248"	0	"IRD_012022"	"2"	"AS135"	"L3"	"C5"	0	NA	2	NA	"AR"	0
"1249"	0	"IRD_012022"	"2"	"AS140"	"L4"	"C5"	0	NA	2	NA	"AR"	0
"1250"	0	"IRD_012022"	"2"	"AS150"	"T"	"C5"	0	NA	2	NA	"AR"	0
"1251"	19	"IRD_012022"	"1"	"AS105"	"L1"	"C5"	NA	NA	2	NA	"OT"	1
"1252"	19	"IRD_012022"	"1"	"AS110"	"L2"	"C5"	NA	NA	2	NA	"TE"	1
"1253"	19	"IRD_012022"	"1"	"AS115"	"L3"	"C5"	NA	NA	2	NA	"TE"	1
"1254"	19	"IRD_012022"	"1"	"AS120"	"L4"	"C5"	NA	NA	2	NA	"ST"	1
"1255"	19	"IRD_012022"	"1"	"AS145"	"T"	"C5"	NA	NA	2	NA	"TE"	1
"1256"	24	"IRD_012022"	"1"	"AS125"	"L1"	"C5"	NA	NA	2	NA	"OT"	1
"1257"	24	"IRD_012022"	"1"	"AS130"	"L2"	"C5"	NA	NA	2	NA	"TE"	1
"1258"	24	"IRD_012022"	"1"	"AS135"	"L3"	"C5"	NA	NA	2	NA	"TE"	1
"1259"	24	"IRD_012022"	"1"	"AS140"	"L4"	"C5"	NA	NA	2	NA	"ST"	1
"1260"	24	"IRD_012022"	"1"	"AS150"	"T"	"C5"	NA	NA	2	NA	"TE"	1
"1261"	41	"IRD_012022"	"1"	"AS105"	"L1"	"C5"	NA	NA	2	NA	"OT"	2
"1262"	41	"IRD_012022"	"1"	"AS110"	"L2"	"C5"	NA	NA	2	NA	"TE"	2
"1263"	41	"IRD_012022"	"1"	"AS115"	"L3"	"C5"	NA	NA	2	NA	"TE"	2
"1264"	41	"IRD_012022"	"1"	"AS120"	"L4"	"C5"	NA	NA	2	NA	"OT"	2
"1265"	41	"IRD_012022"	"1"	"AS145"	"T"	"C5"	NA	NA	2	NA	"OT"	2
"1266"	48	"IRD_012022"	"1"	"AS125"	"L1"	"C5"	NA	NA	2	NA	"ST"	2
"1267"	48	"IRD_012022"	"1"	"AS130"	"L2"	"C5"	NA	NA	2	NA	"TE"	2
"1268"	48	"IRD_012022"	"1"	"AS135"	"L3"	"C5"	NA	NA	2	NA	"TE"	2
"1269"	48	"IRD_012022"	"1"	"AS140"	"L4"	"C5"	NA	NA	2	NA	"OT"	2
"1270"	48	"IRD_012022"	"1"	"AS150"	"T"	"C5"	NA	NA	2	NA	"ST"	2
"1271"	69	"IRD_012022"	"1"	"AS105"	"L1"	"C5"	NA	NA	2	NA	"AR"	3
"1272"	69	"IRD_012022"	"1"	"AS110"	"L2"	"C5"	NA	NA	2	NA	"OC"	3
"1273"	69	"IRD_012022"	"1"	"AS115"	"L3"	"C5"	NA	NA	2	NA	"AR"	3
"1274"	69	"IRD_012022"	"1"	"AS120"	"L4"	"C5"	NA	NA	2	NA	"ST"	3
"1275"	69	"IRD_012022"	"1"	"AS145"	"T"	"C5"	NA	NA	2	NA	"AR"	3
"1276"	72	"IRD_012022"	"1"	"AS125"	"L1"	"C5"	NA	NA	2	NA	"AR"	3
"1277"	72	"IRD_012022"	"1"	"AS130"	"L2"	"C5"	NA	NA	2	NA	"AR"	3
"1278"	72	"IRD_012022"	"1"	"AS135"	"L3"	"C5"	NA	NA	2	NA	"AR"	3
"1279"	72	"IRD_012022"	"1"	"AS140"	"L4"	"C5"	NA	NA	2	NA	"ST"	3
"1280"	72	"IRD_012022"	"1"	"AS150"	"T"	"C5"	NA	NA	2	NA	"AR"	3
"1281"	89	"IRD_012022"	"1"	"AS105"	"L1"	"C5"	NA	NA	2	NA	"AR"	4
"1282"	89	"IRD_012022"	"1"	"AS110"	"L2"	"C5"	NA	NA	2	NA	"AR"	4
"1283"	89	"IRD_012022"	"1"	"AS115"	"L3"	"C5"	NA	NA	2	NA	"AR"	4
"1284"	89	"IRD_012022"	"1"	"AS120"	"L4"	"C5"	NA	NA	2	NA	"ANC"	4
"1285"	89	"IRD_012022"	"1"	"AS145"	"T"	"C5"	NA	NA	2	NA	"ANC"	4
"1286"	96	"IRD_012022"	"1"	"AS125"	"L1"	"C5"	NA	NA	2	NA	"AR"	4
"1287"	96	"IRD_012022"	"1"	"AS130"	"L2"	"C5"	NA	NA	2	NA	"AR"	4
"1288"	96	"IRD_012022"	"1"	"AS135"	"L3"	"C5"	NA	NA	2	NA	"ANC"	4
"1289"	96	"IRD_012022"	"1"	"AS140"	"L4"	"C5"	NA	NA	2	NA	"ANC"	4
"1290"	96	"IRD_012022"	"1"	"AS150"	"T"	"C5"	NA	NA	2	NA	"ANC"	4
"1291"	118	"IRD_012022"	"1"	"AS105"	"L1"	"C5"	NA	NA	2	NA	"ANC"	5
"1292"	118	"IRD_012022"	"1"	"AS110"	"L2"	"C5"	NA	NA	2	NA	"AR"	5
"1293"	118	"IRD_012022"	"1"	"AS115"	"L3"	"C5"	NA	NA	2	NA	"ANC"	5
"1294"	118	"IRD_012022"	"1"	"AS120"	"L4"	"C5"	NA	NA	2	NA	"ANC"	5
"1295"	118	"IRD_012022"	"1"	"AS145"	"T"	"C5"	NA	NA	2	NA	"ANC"	5
"1296"	142	"IRD_012022"	"1"	"AS125"	"L1"	"C5"	NA	NA	2	NA	"ANC"	6
"1297"	142	"IRD_012022"	"1"	"AS130"	"L2"	"C5"	NA	NA	2	NA	"ANC"	6
"1298"	142	"IRD_012022"	"1"	"AS135"	"L3"	"C5"	NA	NA	2	NA	"ANC"	6
"1299"	142	"IRD_012022"	"1"	"AS140"	"L4"	"C5"	NA	NA	2	NA	"ANC"	6
"1300"	142	"IRD_012022"	"1"	"AS150"	"T"	"C5"	NA	NA	2	NA	"ANC"	6
"1301"	168	"IRD_012022"	"1"	"AS105"	"L1"	"C5"	NA	NA	2	NA	"ANC"	7
"1302"	168	"IRD_012022"	"1"	"AS110"	"L2"	"C5"	NA	NA	2	NA	"ANC"	7
"1303"	168	"IRD_012022"	"1"	"AS115"	"L3"	"C5"	NA	NA	2	NA	"ANC"	7
"1304"	168	"IRD_012022"	"1"	"AS120"	"L4"	"C5"	NA	NA	2	NA	"ANC"	7
"1305"	168	"IRD_012022"	"1"	"AS145"	"T"	"C5"	NA	NA	2	NA	"ANC"	7
"1306"	232	"IRD_012022"	"1"	"AS125"	"L1"	"C5"	NA	NA	2	NA	"ANC"	10
"1307"	232	"IRD_012022"	"1"	"AS130"	"L2"	"C5"	NA	NA	2	NA	"ANC"	10
"1308"	232	"IRD_012022"	"1"	"AS135"	"L3"	"C5"	NA	NA	2	NA	"ANC"	10
"1309"	232	"IRD_012022"	"1"	"AS140"	"L4"	"C5"	NA	NA	2	NA	"D"	10
"1310"	232	"IRD_012022"	"1"	"AS150"	"T"	"C5"	NA	NA	2	NA	"D"	10
"1311"	19	"IRD_012022"	"2"	"AS105"	"L1"	"C5"	NA	NA	2	NA	"ANC"	1
"1312"	19	"IRD_012022"	"2"	"AS110"	"L2"	"C5"	NA	NA	2	NA	"AR"	1
"1313"	19	"IRD_012022"	"2"	"AS115"	"L3"	"C5"	NA	NA	2	NA	"ANC"	1
"1314"	19	"IRD_012022"	"2"	"AS120"	"L4"	"C5"	NA	NA	2	NA	"AR"	1
"1315"	19	"IRD_012022"	"2"	"AS145"	"T"	"C5"	NA	NA	2	NA	"AR"	1
"1316"	24	"IRD_012022"	"2"	"AS125"	"L1"	"C5"	NA	NA	2	NA	"ANC"	1
"1317"	24	"IRD_012022"	"2"	"AS130"	"L2"	"C5"	NA	NA	2	NA	"ANC"	1
"1318"	24	"IRD_012022"	"2"	"AS135"	"L3"	"C5"	NA	NA	2	NA	"ANC"	1
"1319"	24	"IRD_012022"	"2"	"AS140"	"L4"	"C5"	NA	NA	2	NA	"ANC"	1
"1320"	24	"IRD_012022"	"2"	"AS150"	"T"	"C5"	NA	NA	2	NA	"ANC"	1
"1321"	41	"IRD_012022"	"2"	"AS105"	"L1"	"C5"	NA	NA	2	NA	"ANC"	2
"1322"	41	"IRD_012022"	"2"	"AS110"	"L2"	"C5"	NA	NA	2	NA	"ANC"	2
"1323"	41	"IRD_012022"	"2"	"AS115"	"L3"	"C5"	NA	NA	2	NA	"ANC"	2
"1324"	41	"IRD_012022"	"2"	"AS120"	"L4"	"C5"	NA	NA	2	NA	"ANC"	2
"1325"	41	"IRD_012022"	"2"	"AS145"	"T"	"C5"	NA	NA	2	NA	"ANC"	2
"1326"	48	"IRD_012022"	"2"	"AS125"	"L1"	"C5"	NA	NA	2	NA	"ANC"	2
"1327"	48	"IRD_012022"	"2"	"AS130"	"L2"	"C5"	NA	NA	2	NA	"ANC"	2
"1328"	48	"IRD_012022"	"2"	"AS135"	"L3"	"C5"	NA	NA	2	NA	"ANC"	2
"1329"	48	"IRD_012022"	"2"	"AS140"	"L4"	"C5"	NA	NA	2	NA	"ANC"	2
"1330"	48	"IRD_012022"	"2"	"AS150"	"T"	"C5"	NA	NA	2	NA	"ANC"	2
"1331"	69	"IRD_012022"	"2"	"AS105"	"L1"	"C5"	NA	NA	2	NA	"ANC"	3
"1332"	69	"IRD_012022"	"2"	"AS110"	"L2"	"C5"	NA	NA	2	NA	"ANC"	3
"1333"	69	"IRD_012022"	"2"	"AS115"	"L3"	"C5"	NA	NA	2	NA	"ANC"	3
"1334"	69	"IRD_012022"	"2"	"AS120"	"L4"	"C5"	NA	NA	2	NA	"ANC"	3
"1335"	69	"IRD_012022"	"2"	"AS145"	"T"	"C5"	NA	NA	2	NA	"ANC"	3
"1336"	72	"IRD_012022"	"2"	"AS125"	"L1"	"C5"	NA	NA	2	NA	"ANC"	3
"1337"	72	"IRD_012022"	"2"	"AS130"	"L2"	"C5"	NA	NA	2	NA	"ANC"	3
"1338"	72	"IRD_012022"	"2"	"AS135"	"L3"	"C5"	NA	NA	2	NA	"ANC"	3
"1339"	72	"IRD_012022"	"2"	"AS140"	"L4"	"C5"	NA	NA	2	NA	"ANC"	3
"1340"	72	"IRD_012022"	"2"	"AS150"	"T"	"C5"	NA	NA	2	NA	"ANC"	3
"1341"	89	"IRD_012022"	"2"	"AS105"	"L1"	"C5"	NA	NA	2	NA	"ANC"	4
"1342"	89	"IRD_012022"	"2"	"AS110"	"L2"	"C5"	NA	NA	2	NA	"ANC"	4
"1343"	89	"IRD_012022"	"2"	"AS115"	"L3"	"C5"	NA	NA	2	NA	"ANC"	4
"1344"	89	"IRD_012022"	"2"	"AS120"	"L4"	"C5"	NA	NA	2	NA	"ANC"	4
"1345"	89	"IRD_012022"	"2"	"AS145"	"T"	"C5"	NA	NA	2	NA	"ANC"	4
"1346"	96	"IRD_012022"	"2"	"AS125"	"L1"	"C5"	NA	NA	2	NA	"ANC"	4
"1347"	96	"IRD_012022"	"2"	"AS130"	"L2"	"C5"	NA	NA	2	NA	"ANC"	4
"1348"	96	"IRD_012022"	"2"	"AS135"	"L3"	"C5"	NA	NA	2	NA	"ANC"	4
"1349"	96	"IRD_012022"	"2"	"AS140"	"L4"	"C5"	NA	NA	2	NA	"ANC"	4
"1350"	96	"IRD_012022"	"2"	"AS150"	"T"	"C5"	NA	NA	2	NA	"ANC"	4
"1351"	118	"IRD_012022"	"2"	"AS105"	"L1"	"C5"	NA	NA	2	NA	"D"	5
"1352"	118	"IRD_012022"	"2"	"AS110"	"L2"	"C5"	NA	NA	2	NA	"ANC"	5
"1353"	118	"IRD_012022"	"2"	"AS115"	"L3"	"C5"	NA	NA	2	NA	"D"	5
"1354"	118	"IRD_012022"	"2"	"AS120"	"L4"	"C5"	NA	NA	2	NA	"ANC"	5
"1355"	118	"IRD_012022"	"2"	"AS145"	"T"	"C5"	NA	NA	2	NA	"ANC"	5
"1356"	142	"IRD_012022"	"2"	"AS125"	"L1"	"C5"	NA	NA	2	NA	"D"	6
"1357"	142	"IRD_012022"	"2"	"AS130"	"L2"	"C5"	NA	NA	2	NA	"D"	6
"1358"	142	"IRD_012022"	"2"	"AS135"	"L3"	"C5"	NA	NA	2	NA	"D"	6
"1359"	142	"IRD_012022"	"2"	"AS140"	"L4"	"C5"	NA	NA	2	NA	"ANC"	6
"1360"	142	"IRD_012022"	"2"	"AS150"	"T"	"C5"	NA	NA	2	NA	"ANC"	6
"1361"	168	"IRD_012022"	"2"	"AS105"	"L1"	"C5"	NA	NA	2	NA	"D"	7
"1362"	168	"IRD_012022"	"2"	"AS110"	"L2"	"C5"	NA	NA	2	NA	"D"	7
"1363"	168	"IRD_012022"	"2"	"AS115"	"L3"	"C5"	NA	NA	2	NA	"D"	7
"1364"	168	"IRD_012022"	"2"	"AS120"	"L4"	"C5"	NA	NA	2	NA	"D"	7
"1365"	168	"IRD_012022"	"2"	"AS145"	"T"	"C5"	NA	NA	2	NA	"D"	7
"1366"	232	"IRD_012022"	"2"	"AS125"	"L1"	"C5"	NA	NA	2	NA	"D"	10
"1367"	232	"IRD_012022"	"2"	"AS130"	"L2"	"C5"	NA	NA	2	NA	"D"	10
"1368"	232	"IRD_012022"	"2"	"AS135"	"L3"	"C5"	NA	NA	2	NA	"D"	10
"1369"	232	"IRD_012022"	"2"	"AS140"	"L4"	"C5"	NA	NA	2	NA	"D"	10
"1370"	232	"IRD_012022"	"2"	"AS150"	"T"	"C5"	NA	NA	2	NA	"D"	10
"1371"	239	"IRD_012022"	"1"	"AS105"	"L1"	"C5"	NA	NA	2	NA	"ANC"	10
"1372"	239	"IRD_012022"	"1"	"AS110"	"L2"	"C5"	NA	NA	2	NA	"ANC"	10
"1373"	239	"IRD_012022"	"1"	"AS115"	"L3"	"C5"	NA	NA	2	NA	"ANC"	10
"1374"	239	"IRD_012022"	"1"	"AS120"	"L4"	"C5"	53	NA	2	NA	"D"	10
"1375"	239	"IRD_012022"	"1"	"AS145"	"T"	"C5"	NA	NA	2	NA	"ANC"	10
"1376"	239	"IRD_012022"	"2"	"AS125"	"L1"	"C5"	83	NA	2	NA	"D"	10
"1377"	239	"IRD_012022"	"2"	"AS130"	"L2"	"C5"	63	NA	2	NA	"D"	10
"1378"	239	"IRD_012022"	"2"	"AS135"	"L3"	"C5"	58	NA	2	NA	"D"	10
"1379"	239	"IRD_012022"	"2"	"AS140"	"L4"	"C5"	53	NA	2	NA	"D"	10
"1380"	239	"IRD_012022"	"2"	"AS150"	"T"	"C5"	73	NA	2	NA	"D"	10
"1381"	263	"IRD_012022"	"1"	"AS105"	"L1"	"C5"	NA	NA	2	NA	"ANC"	11
"1382"	263	"IRD_012022"	"1"	"AS110"	"L2"	"C5"	NA	NA	2	NA	"ANC"	11
"1383"	263	"IRD_012022"	"1"	"AS115"	"L3"	"C5"	NA	NA	2	NA	"ANC"	11
"1384"	263	"IRD_012022"	"1"	"AS120"	"L4"	"C5"	66	NA	2	NA	"D"	11
"1385"	263	"IRD_012022"	"1"	"AS145"	"T"	"C5"	NA	NA	2	NA	"ANC"	11
"1386"	263	"IRD_012022"	"2"	"AS125"	"L1"	"C5"	97	NA	2	NA	"D"	11
"1387"	263	"IRD_012022"	"2"	"AS130"	"L2"	"C5"	76	NA	2	NA	"D"	11
"1388"	263	"IRD_012022"	"2"	"AS135"	"L3"	"C5"	78	NA	2	NA	"D"	11
"1389"	263	"IRD_012022"	"2"	"AS140"	"L4"	"C5"	67	NA	2	NA	"D"	11
"1390"	263	"IRD_012022"	"2"	"AS150"	"T"	"C5"	101	NA	2	NA	"D"	11
"1391"	287	"IRD_012022"	"1"	"AS105"	"L1"	"C5"	NA	NA	2	NA	"ANC"	12
"1392"	287	"IRD_012022"	"1"	"AS110"	"L2"	"C5"	NA	NA	2	NA	"ANC"	12
"1393"	287	"IRD_012022"	"1"	"AS115"	"L3"	"C5"	NA	NA	2	NA	"ANC"	12
"1394"	287	"IRD_012022"	"1"	"AS120"	"L4"	"C5"	74	NA	2	NA	"D"	12
"1395"	287	"IRD_012022"	"1"	"AS145"	"T"	"C5"	49	NA	2	NA	"D"	12
"1396"	287	"IRD_012022"	"2"	"AS125"	"L1"	"C5"	108	NA	2	NA	"D"	12
"1397"	287	"IRD_012022"	"2"	"AS130"	"L2"	"C5"	85	NA	2	NA	"D"	12
"1398"	287	"IRD_012022"	"2"	"AS135"	"L3"	"C5"	88	NA	2	NA	"D"	12
"1399"	287	"IRD_012022"	"2"	"AS140"	"L4"	"C5"	77	NA	2	NA	"D"	12
"1400"	287	"IRD_012022"	"2"	"AS150"	"T"	"C5"	108	NA	2	NA	"D"	12
"1401"	313	"IRD_012022"	"1"	"AS105"	"L1"	"C5"	NA	NA	2	1	"ANC"	13
"1402"	313	"IRD_012022"	"1"	"AS110"	"L2"	"C5"	NA	NA	2	1	"ANC"	13
"1403"	313	"IRD_012022"	"1"	"AS115"	"L3"	"C5"	NA	NA	2	1	"ANC"	13
"1404"	313	"IRD_012022"	"1"	"AS120"	"L4"	"C5"	87	NA	2	1	"D"	13
"1405"	313	"IRD_012022"	"1"	"AS145"	"T"	"C5"	55	NA	2	1	"D"	13
"1406"	313	"IRD_012022"	"2"	"AS125"	"L1"	"C5"	119	NA	2	1	"D"	13
"1407"	313	"IRD_012022"	"2"	"AS130"	"L2"	"C5"	93	NA	2	1	"D"	13
"1408"	313	"IRD_012022"	"2"	"AS135"	"L3"	"C5"	98	NA	2	1	"D"	13
"1409"	313	"IRD_012022"	"2"	"AS140"	"L4"	"C5"	93	NA	2	1	"D"	13
"1410"	313	"IRD_012022"	"2"	"AS150"	"T"	"C5"	120	NA	2	1	"D"	13
"1411"	335	"IRD_012022"	"1"	"AS105"	"L1"	"C5"	NA	NA	2	1	"ANC"	14
"1412"	335	"IRD_012022"	"1"	"AS110"	"L2"	"C5"	NA	NA	2	1	"ANC"	14
"1413"	335	"IRD_012022"	"1"	"AS115"	"L3"	"C5"	44	NA	2	1	"D"	14
"1414"	335	"IRD_012022"	"1"	"AS120"	"L4"	"C5"	106	NA	2	1	"D"	14
"1415"	335	"IRD_012022"	"1"	"AS145"	"T"	"C5"	68	NA	2	1	"D"	14
"1416"	335	"IRD_012022"	"2"	"AS125"	"L1"	"C5"	78	NA	2	1	"D"	14
"1417"	335	"IRD_012022"	"2"	"AS130"	"L2"	"C5"	67	NA	2	1	"D"	14
"1418"	335	"IRD_012022"	"2"	"AS135"	"L3"	"C5"	82	NA	2	1	"D"	14
"1419"	335	"IRD_012022"	"2"	"AS140"	"L4"	"C5"	63	NA	2	1	"D"	14
"1420"	335	"IRD_012022"	"2"	"AS150"	"T"	"C5"	127	NA	2	1	"D"	14
"1421"	407	"IRD_012022"	"1"	"AS105"	"L1"	"C5"	64	NA	2	1	"D"	17
"1422"	407	"IRD_012022"	"1"	"AS110"	"L2"	"C5"	61	NA	2	1	"D"	17
"1423"	407	"IRD_012022"	"1"	"AS115"	"L3"	"C5"	66	NA	2	1	"D"	17
"1424"	407	"IRD_012022"	"1"	"AS120"	"L4"	"C5"	109	NA	2	1	"D"	17
"1425"	407	"IRD_012022"	"1"	"AS145"	"T"	"C5"	94	NA	2	1	"D"	17
"1426"	407	"IRD_012022"	"2"	"AS125"	"L1"	"C5"	99	NA	2	1	"D"	17
"1427"	407	"IRD_012022"	"2"	"AS130"	"L2"	"C5"	75	NA	2	1	"D"	17
"1428"	407	"IRD_012022"	"2"	"AS135"	"L3"	"C5"	99	NA	2	1	"D"	17
"1429"	407	"IRD_012022"	"2"	"AS140"	"L4"	"C5"	68	NA	2	1	"D"	17
"1430"	407	"IRD_012022"	"2"	"AS150"	"T"	"C5"	126	NA	2	1	"D"	17
"1431"	431	"IRD_012022"	"1"	"AS105"	"L1"	"C5"	69	NA	2	1	"D"	18
"1432"	431	"IRD_012022"	"1"	"AS110"	"L2"	"C5"	68	NA	2	1	"D"	18
"1433"	431	"IRD_012022"	"1"	"AS115"	"L3"	"C5"	67	NA	2	1	"D"	18
"1434"	431	"IRD_012022"	"1"	"AS120"	"L4"	"C5"	114	NA	2	1	"D"	18
"1435"	431	"IRD_012022"	"1"	"AS145"	"T"	"C5"	99	NA	2	1	"D"	18
"1436"	431	"IRD_012022"	"2"	"AS125"	"L1"	"C5"	59	NA	2	1	"D"	18
"1437"	431	"IRD_012022"	"2"	"AS130"	"L2"	"C5"	76	NA	2	1	"D"	18
"1438"	431	"IRD_012022"	"2"	"AS135"	"L3"	"C5"	99	NA	2	1	"D"	18
"1439"	431	"IRD_012022"	"2"	"AS140"	"L4"	"C5"	75	NA	2	1	"D"	18
"1440"	431	"IRD_012022"	"2"	"AS150"	"T"	"C5"	138	NA	2	1	"D"	18
"1441"	456	"IRD_012022"	"1"	"AS105"	"L1"	"C5"	81	NA	2	1	"D"	19
"1442"	456	"IRD_012022"	"1"	"AS110"	"L2"	"C5"	76	NA	2	1	"D"	19
"1443"	456	"IRD_012022"	"1"	"AS115"	"L3"	"C5"	76	NA	2	1	"D"	19
"1444"	456	"IRD_012022"	"1"	"AS120"	"L4"	"C5"	65	NA	2	3	"D"	19
"1445"	456	"IRD_012022"	"1"	"AS145"	"T"	"C5"	106	NA	2	1	"D"	19
"1446"	456	"IRD_012022"	"2"	"AS125"	"L1"	"C5"	61	NA	2	3	"D"	19
"1447"	456	"IRD_012022"	"2"	"AS130"	"L2"	"C5"	45	NA	2	3	"D"	19
"1448"	456	"IRD_012022"	"2"	"AS135"	"L3"	"C5"	97	NA	2	1	"D"	19
"1449"	456	"IRD_012022"	"2"	"AS140"	"L4"	"C5"	52	NA	2	3	"D"	19
"1450"	456	"IRD_012022"	"2"	"AS150"	"T"	"C5"	141	NA	2	1	"D"	19
"1451"	479	"IRD_012022"	"1"	"AS105"	"L1"	"C5"	91	NA	2	1	"D"	20
"1452"	479	"IRD_012022"	"1"	"AS110"	"L2"	"C5"	83	NA	2	1	"D"	20
"1453"	479	"IRD_012022"	"1"	"AS115"	"L3"	"C5"	81	NA	2	1	"D"	20
"1454"	479	"IRD_012022"	"1"	"AS120"	"L4"	"C5"	131	NA	2	3	"D"	20
"1455"	479	"IRD_012022"	"1"	"AS145"	"T"	"C5"	114	NA	2	1	"D"	20
"1456"	479	"IRD_012022"	"2"	"AS125"	"L1"	"C5"	56	NA	2	3	"D"	20
"1457"	479	"IRD_012022"	"2"	"AS130"	"L2"	"C5"	45	NA	2	3	"D"	20
"1458"	479	"IRD_012022"	"2"	"AS135"	"L3"	"C5"	106	NA	2	1	"D"	20
"1459"	479	"IRD_012022"	"2"	"AS140"	"L4"	"C5"	54	NA	2	3	"D"	20
"1460"	479	"IRD_012022"	"2"	"AS150"	"T"	"C5"	131	NA	2	1	"D"	20
"1461"	503	"IRD_012022"	"1"	"AS105"	"L1"	"C5"	97	2	2	1	"D"	21
"1462"	503	"IRD_012022"	"1"	"AS110"	"L2"	"C5"	91	4	2	1	"D"	21
"1463"	503	"IRD_012022"	"1"	"AS115"	"L3"	"C5"	85	2	2	1	"D"	21
"1464"	503	"IRD_012022"	"1"	"AS120"	"L4"	"C5"	136	4	2	3	"D"	21
"1465"	503	"IRD_012022"	"1"	"AS145"	"T"	"C5"	121	4	2	1	"D"	21
"1466"	503	"IRD_012022"	"2"	"AS125"	"L1"	"C5"	63	4	2	3	"D"	21
"1467"	503	"IRD_012022"	"2"	"AS130"	"L2"	"C5"	43	2	2	3	"D"	21
"1468"	503	"IRD_012022"	"2"	"AS135"	"L3"	"C5"	106	2	2	1	"D"	21
"1469"	503	"IRD_012022"	"2"	"AS140"	"L4"	"C5"	54	2	2	3	"D"	21
"1470"	503	"IRD_012022"	"2"	"AS150"	"T"	"C5"	153	2	2	1	"D"	21
"1471"	575	"IRD_012022"	"1"	"AS105"	"L1"	"C5"	132	4	2	1	"D"	24
"1472"	575	"IRD_012022"	"1"	"AS110"	"L2"	"C5"	116	4	2	1	"D"	24
"1473"	575	"IRD_012022"	"1"	"AS115"	"L3"	"C5"	94	2	2	1	"D"	24
"1474"	575	"IRD_012022"	"1"	"AS120"	"L4"	"C5"	148	4	2	3	"D"	24
"1475"	575	"IRD_012022"	"1"	"AS145"	"T"	"C5"	138	4	2	1	"D"	24
"1476"	575	"IRD_012022"	"2"	"AS125"	"L1"	"C5"	71	4	2	3	"D"	24
"1477"	575	"IRD_012022"	"2"	"AS130"	"L2"	"C5"	51	2	2	3	"D"	24
"1478"	575	"IRD_012022"	"2"	"AS135"	"L3"	"C5"	104	2	2	1	"D"	24
"1479"	575	"IRD_012022"	"2"	"AS140"	"L4"	"C5"	59	2	2	3	"D"	24
"1480"	575	"IRD_012022"	"2"	"AS150"	"T"	"C5"	157	2	2	1	"D"	24
"1481"	599	"IRD_012022"	"1"	"AS105"	"L1"	"C5"	138	4	2	1	"D"	25
"1482"	599	"IRD_012022"	"1"	"AS110"	"L2"	"C5"	120	4	2	1	"D"	25
"1483"	599	"IRD_012022"	"1"	"AS115"	"L3"	"C5"	96	2	2	1	"D"	25
"1484"	599	"IRD_012022"	"1"	"AS120"	"L4"	"C5"	151	4	2	3	"D"	25
"1485"	599	"IRD_012022"	"1"	"AS145"	"T"	"C5"	141	4	2	1	"D"	25
"1486"	599	"IRD_012022"	"2"	"AS125"	"L1"	"C5"	73	4	2	3	"D"	25
"1487"	599	"IRD_012022"	"2"	"AS130"	"L2"	"C5"	53	4	2	3	"D"	25
"1488"	599	"IRD_012022"	"2"	"AS135"	"L3"	"C5"	109	2	2	1	"D"	25
"1489"	599	"IRD_012022"	"2"	"AS140"	"L4"	"C5"	60	4	2	3	"D"	25
"1490"	599	"IRD_012022"	"2"	"AS150"	"T"	"C5"	161	2	2	1	"D"	25
"1491"	623	"IRD_012022"	"1"	"AS105"	"L1"	"C5"	139	4	2	1	"D"	26
"1492"	623	"IRD_012022"	"1"	"AS110"	"L2"	"C5"	122	4	2	1	"D"	26
"1493"	623	"IRD_012022"	"1"	"AS115"	"L3"	"C5"	101	2	2	1	"D"	26
"1494"	623	"IRD_012022"	"1"	"AS120"	"L4"	"C5"	153	9	2	3	"D"	26
"1495"	623	"IRD_012022"	"1"	"AS145"	"T"	"C5"	147	4	2	1	"D"	26
"1496"	623	"IRD_012022"	"2"	"AS125"	"L1"	"C5"	71	6	2	3	"D"	26
"1497"	623	"IRD_012022"	"2"	"AS130"	"L2"	"C5"	54	4	2	3	"D"	26
"1498"	623	"IRD_012022"	"2"	"AS135"	"L3"	"C5"	111	2	2	1	"D"	26
"1499"	623	"IRD_012022"	"2"	"AS140"	"L4"	"C5"	62	4	2	3	"D"	26
"1500"	623	"IRD_012022"	"2"	"AS150"	"T"	"C5"	159	2	2	1	"D"	26
"1501"	671	"IRD_012022"	"1"	"AS105"	"L1"	"C5"	156	4	2	1	"D"	28
"1502"	671	"IRD_012022"	"1"	"AS110"	"L2"	"C5"	130	4	2	1	"D"	28
"1503"	671	"IRD_012022"	"1"	"AS115"	"L3"	"C5"	106	4	2	1	"D"	28
"1504"	671	"IRD_012022"	"1"	"AS120"	"L4"	"C5"	167	10	2	3	"D"	28
"1505"	671	"IRD_012022"	"1"	"AS145"	"T"	"C5"	154	4	2	1	"D"	28
"1506"	671	"IRD_012022"	"2"	"AS125"	"L1"	"C5"	75	6	2	3	"D"	28
"1507"	671	"IRD_012022"	"2"	"AS130"	"L2"	"C5"	62	4	2	3	"D"	28
"1508"	671	"IRD_012022"	"2"	"AS135"	"L3"	"C5"	114	2	2	1	"D"	28
"1509"	671	"IRD_012022"	"2"	"AS140"	"L4"	"C5"	69	4	2	3	"D"	28
"1510"	671	"IRD_012022"	"2"	"AS150"	"T"	"C5"	161	2	2	1	"D"	28
"1511"	743	"IRD_012022"	"1"	"AS105"	"L1"	"C5"	173	4	2	1	"D"	31
"1512"	743	"IRD_012022"	"1"	"AS110"	"L2"	"C5"	151	6	2	1	"D"	31
"1513"	743	"IRD_012022"	"1"	"AS115"	"L3"	"C5"	178	4	2	1	"D"	31
"1514"	743	"IRD_012022"	"1"	"AS120"	"L4"	"C5"	178	10	2	3	"D"	31
"1515"	743	"IRD_012022"	"1"	"AS145"	"T"	"C5"	171	6	2	1	"D"	31
"1516"	743	"IRD_012022"	"2"	"AS125"	"L1"	"C5"	89	7	2	3	"D"	31
"1517"	743	"IRD_012022"	"2"	"AS130"	"L2"	"C5"	64	4	2	3	"D"	31
"1518"	743	"IRD_012022"	"2"	"AS135"	"L3"	"C5"	120	2	2	1	"D"	31
"1519"	743	"IRD_012022"	"2"	"AS140"	"L4"	"C5"	73	4	2	3	"D"	31
"1520"	743	"IRD_012022"	"2"	"AS150"	"T"	"C5"	170	2	2	1	"D"	31
"1521"	767	"IRD_012022"	"1"	"AS105"	"L1"	"C5"	181	4	2	1	"D"	32
"1522"	767	"IRD_012022"	"1"	"AS110"	"L2"	"C5"	154	6	2	1	"D"	32
"1523"	767	"IRD_012022"	"1"	"AS115"	"L3"	"C5"	120	4	2	1	"D"	32
"1524"	767	"IRD_012022"	"1"	"AS120"	"L4"	"C5"	182	12	2	3	"D"	32
"1525"	767	"IRD_012022"	"1"	"AS145"	"T"	"C5"	176	6	2	1	"D"	32
"1526"	767	"IRD_012022"	"2"	"AS125"	"L1"	"C5"	91	7	2	3	"D"	32
"1527"	767	"IRD_012022"	"2"	"AS130"	"L2"	"C5"	67	4	2	3	"D"	32
"1528"	767	"IRD_012022"	"2"	"AS135"	"L3"	"C5"	123	2	2	1	"D"	32
"1529"	767	"IRD_012022"	"2"	"AS140"	"L4"	"C5"	79	4	2	3	"D"	32
"1530"	767	"IRD_012022"	"2"	"AS150"	"T"	"C5"	176	2	2	1	"D"	32
"1531"	836	"IRD_012022"	"1"	"AS105"	"L1"	"C5"	200	6	2	1	"D"	35
"1532"	836	"IRD_012022"	"1"	"AS110"	"L2"	"C5"	174	6	2	1	"D"	35
"1533"	836	"IRD_012022"	"1"	"AS115"	"L3"	"C5"	137	4	2	1	"D"	35
"1534"	836	"IRD_012022"	"1"	"AS120"	"L4"	"C5"	192	16	2	3	"D"	35
"1535"	836	"IRD_012022"	"1"	"AS145"	"T"	"C5"	187	6	2	1	"D"	35
"1536"	836	"IRD_012022"	"2"	"AS125"	"L1"	"C5"	104	7	2	3	"D"	35
"1537"	836	"IRD_012022"	"2"	"AS130"	"L2"	"C5"	75	6	2	3	"D"	35
"1538"	836	"IRD_012022"	"2"	"AS135"	"L3"	"C5"	125	4	0	1	"D"	35
"1539"	836	"IRD_012022"	"2"	"AS140"	"L4"	"C5"	88	6	2	3	"D"	35
"1540"	836	"IRD_012022"	"2"	"AS150"	"T"	"C5"	175	4	2	1	"D"	35
"1541"	911	"IRD_012022"	"1"	"AS105"	"L1"	"C5"	214	6	2	1	"D"	38
"1542"	911	"IRD_012022"	"1"	"AS110"	"L2"	"C5"	190	6	2	1	"D"	38
"1543"	911	"IRD_012022"	"1"	"AS115"	"L3"	"C5"	153	6	0	1	"D"	38
"1544"	911	"IRD_012022"	"1"	"AS120"	"L4"	"C5"	213	21	2	3	"D"	38
"1545"	911	"IRD_012022"	"1"	"AS145"	"T"	"C5"	195	10	2	1	"D"	38
"1546"	911	"IRD_012022"	"2"	"AS125"	"L1"	"C5"	126	13	1	3	"D"	38
"1547"	911	"IRD_012022"	"2"	"AS130"	"L2"	"C5"	87	7	2	3	"D"	38
"1548"	911	"IRD_012022"	"2"	"AS135"	"L3"	"C5"	132	4	0	1	"D"	38
"1549"	911	"IRD_012022"	"2"	"AS140"	"L4"	"C5"	104	6	2	3	"D"	38
"1550"	911	"IRD_012022"	"2"	"AS150"	"T"	"C5"	179	4	1	1	"D"	38
